0 verbose cli /usr/local/bin/node /usr/local/bin/npm
1 info using npm@11.6.1
2 info using node@v24.10.0
3 silly config load:file:/usr/local/lib/node_modules/npm/npmrc
4 silly config load:file:/Users/chinmayeedeepakharane/Documents/AI stylist/AI-stylist/.npmrc
5 silly config load:file:/Users/chinmayeedeepakharane/.npmrc
6 silly config load:file:/usr/local/etc/npmrc
7 verbose title npm install prisma@^6.14.0 @types/cookie-parser @types/multer vitest supertest @types/supertest
8 verbose argv "install" "--cache" ".npm-cache" "--save-dev" "--workspace" "closetai-server" "prisma@^6.14.0" "@types/cookie-parser" "@types/multer" "vitest" "supertest" "@types/supertest"
9 verbose logfile logs-max:10 dir:/Users/chinmayeedeepakharane/Documents/AI stylist/AI-stylist/.npm-cache/_logs/2026-09-04T19_17_36_260Z-
10 verbose logfile /Users/chinmayeedeepakharane/Documents/AI stylist/AI-stylist/.npm-cache/_logs/2026-09-04T19_17_36_260Z-debug-0.log
11 silly logfile done cleaning log files
12 silly packumentCache heap:4496293888 maxSize:1124073472 maxEntrySize:562036736
13 silly idealTree buildDeps
14 silly fetch manifest prisma@^6.14.0
15 silly packumentCache full:https://registry.npmjs.org/prisma cache-miss
16 http cache https://registry.npmjs.org/prisma 73ms (cache hit)
17 silly packumentCache full:https://registry.npmjs.org/prisma set size:43817993 disposed:false
18 silly fetch manifest typescript@^5.8.3
19 silly packumentCache full:https://registry.npmjs.org/typescript cache-miss
20 http cache https://registry.npmjs.org/typescript 28ms (cache hit)
21 silly packumentCache full:https://registry.npmjs.org/typescript set size:15635352 disposed:false
22 silly fetch manifest @types/cookie-parser@*
23 silly packumentCache full:https://registry.npmjs.org/@types%2fcookie-parser cache-miss
24 http fetch GET 200 https://registry.npmjs.org/@types%2fcookie-parser 108ms (cache miss)
25 silly packumentCache full:https://registry.npmjs.org/@types%2fcookie-parser set size:undefined disposed:false
26 silly fetch manifest @types/express@^5.0.1
27 silly packumentCache full:https://registry.npmjs.org/@types%2fexpress cache-miss
28 http fetch GET 200 https://registry.npmjs.org/@types%2fexpress 363ms (cache miss)
29 silly packumentCache full:https://registry.npmjs.org/@types%2fexpress set size:undefined disposed:false
30 silly fetch manifest @types/multer@*
31 silly packumentCache full:https://registry.npmjs.org/@types%2fmulter cache-miss
32 http fetch GET 200 https://registry.npmjs.org/@types%2fmulter 613ms (cache miss)
33 silly packumentCache full:https://registry.npmjs.org/@types%2fmulter set size:undefined disposed:false
34 silly fetch manifest vitest@*
35 silly packumentCache full:https://registry.npmjs.org/vitest cache-miss
36 http fetch GET 200 https://registry.npmjs.org/vitest 70ms (cache miss)
37 silly packumentCache full:https://registry.npmjs.org/vitest set size:undefined disposed:false
38 silly fetch manifest @edge-runtime/vm@*
39 silly packumentCache full:https://registry.npmjs.org/@edge-runtime%2fvm cache-miss
40 http fetch GET 200 https://registry.npmjs.org/@edge-runtime%2fvm 321ms (cache miss)
41 silly packumentCache full:https://registry.npmjs.org/@edge-runtime%2fvm set size:undefined disposed:false
42 silly fetch manifest @opentelemetry/api@^1.9.0
43 silly packumentCache full:https://registry.npmjs.org/@opentelemetry%2fapi cache-miss
44 http fetch GET 200 https://registry.npmjs.org/@opentelemetry%2fapi 41ms (cache miss)
45 silly packumentCache full:https://registry.npmjs.org/@opentelemetry%2fapi set size:undefined disposed:false
46 silly fetch manifest @types/node@^22.15.29
47 silly packumentCache full:https://registry.npmjs.org/@types%2fnode cache-miss
48 http fetch GET 200 https://registry.npmjs.org/@types%2fnode 452ms (cache miss)
49 silly packumentCache full:https://registry.npmjs.org/@types%2fnode set size:undefined disposed:false
50 silly fetch manifest @vitest/browser-playwright@5.0.0
51 silly packumentCache full:https://registry.npmjs.org/@vitest%2fbrowser-playwright cache-miss
52 http fetch GET 200 https://registry.npmjs.org/@vitest%2fbrowser-playwright 34ms (cache miss)
53 silly packumentCache full:https://registry.npmjs.org/@vitest%2fbrowser-playwright set size:undefined disposed:false
54 silly fetch manifest playwright@*
55 silly packumentCache full:https://registry.npmjs.org/playwright cache-miss
56 http fetch GET 200 https://registry.npmjs.org/playwright 352ms (cache miss)
57 silly packumentCache full:https://registry.npmjs.org/playwright set size:undefined disposed:false
58 silly fetch manifest @vitest/browser-preview@5.0.0
59 silly packumentCache full:https://registry.npmjs.org/@vitest%2fbrowser-preview cache-miss
60 http fetch GET 200 https://registry.npmjs.org/@vitest%2fbrowser-preview 42ms (cache miss)
61 silly packumentCache full:https://registry.npmjs.org/@vitest%2fbrowser-preview set size:undefined disposed:false
62 silly fetch manifest @vitest/browser-webdriverio@^5.0.0-beta.5 || >=5.0.0
63 silly packumentCache full:https://registry.npmjs.org/@vitest%2fbrowser-webdriverio cache-miss
64 http fetch GET 200 https://registry.npmjs.org/@vitest%2fbrowser-webdriverio 40ms (cache miss)
65 silly packumentCache full:https://registry.npmjs.org/@vitest%2fbrowser-webdriverio set size:undefined disposed:false
66 silly fetch manifest webdriverio@*
67 silly packumentCache full:https://registry.npmjs.org/webdriverio cache-miss
68 http fetch GET 200 https://registry.npmjs.org/webdriverio 83ms (cache miss)
69 silly packumentCache full:https://registry.npmjs.org/webdriverio set size:undefined disposed:false
70 silly fetch manifest puppeteer-core@>=22.x <=24.x
71 silly packumentCache full:https://registry.npmjs.org/puppeteer-core cache-miss
72 http fetch GET 200 https://registry.npmjs.org/puppeteer-core 51ms (cache miss)
73 silly packumentCache full:https://registry.npmjs.org/puppeteer-core set size:undefined disposed:false
74 silly fetch manifest @vitest/coverage-istanbul@5.0.0
75 silly packumentCache full:https://registry.npmjs.org/@vitest%2fcoverage-istanbul cache-miss
76 http fetch GET 200 https://registry.npmjs.org/@vitest%2fcoverage-istanbul 585ms (cache miss)
77 silly packumentCache full:https://registry.npmjs.org/@vitest%2fcoverage-istanbul set size:undefined disposed:false
78 silly fetch manifest @vitest/coverage-v8@5.0.0
79 silly packumentCache full:https://registry.npmjs.org/@vitest%2fcoverage-v8 cache-miss
80 http fetch GET 200 https://registry.npmjs.org/@vitest%2fcoverage-v8 399ms (cache miss)
81 silly packumentCache full:https://registry.npmjs.org/@vitest%2fcoverage-v8 set size:undefined disposed:false
82 silly fetch manifest @vitest/browser@5.0.0
83 silly packumentCache full:https://registry.npmjs.org/@vitest%2fbrowser cache-miss
84 http fetch GET 200 https://registry.npmjs.org/@vitest%2fbrowser 740ms (cache miss)
85 silly packumentCache full:https://registry.npmjs.org/@vitest%2fbrowser set size:undefined disposed:false
86 silly fetch manifest @vitest/ui@5.0.0
87 silly packumentCache full:https://registry.npmjs.org/@vitest%2fui cache-miss
88 http fetch GET 200 https://registry.npmjs.org/@vitest%2fui 136ms (cache miss)
89 silly packumentCache full:https://registry.npmjs.org/@vitest%2fui set size:undefined disposed:false
90 silly fetch manifest happy-dom@*
91 silly packumentCache full:https://registry.npmjs.org/happy-dom cache-miss
92 http fetch GET 200 https://registry.npmjs.org/happy-dom 156ms (cache miss)
93 silly packumentCache full:https://registry.npmjs.org/happy-dom set size:undefined disposed:false
94 silly fetch manifest jsdom@*
95 silly packumentCache full:https://registry.npmjs.org/jsdom cache-miss
96 http fetch GET 200 https://registry.npmjs.org/jsdom 61ms (cache miss)
97 silly packumentCache full:https://registry.npmjs.org/jsdom set size:undefined disposed:false
98 silly fetch manifest canvas@^3.0.0
99 silly packumentCache full:https://registry.npmjs.org/canvas cache-miss
100 http fetch GET 200 https://registry.npmjs.org/canvas 38ms (cache miss)
101 silly packumentCache full:https://registry.npmjs.org/canvas set size:undefined disposed:false
102 silly fetch manifest vite@^6.4.0 || ^7.0.0 || ^8.0.0
103 silly packumentCache full:https://registry.npmjs.org/vite cache-miss
104 http fetch GET 200 https://registry.npmjs.org/vite 1338ms (cache miss)
105 silly packumentCache full:https://registry.npmjs.org/vite set size:undefined disposed:false
106 silly fetch manifest @vitejs/devtools@^0.4.0 || ^0.5.0
107 silly packumentCache full:https://registry.npmjs.org/@vitejs%2fdevtools cache-miss
108 http fetch GET 200 https://registry.npmjs.org/@vitejs%2fdevtools 37ms (cache miss)
109 silly packumentCache full:https://registry.npmjs.org/@vitejs%2fdevtools set size:undefined disposed:false
110 silly fetch manifest @vitejs/devtools-oxc@^0.5.2
111 silly packumentCache full:https://registry.npmjs.org/@vitejs%2fdevtools-oxc cache-miss
112 http fetch GET 200 https://registry.npmjs.org/@vitejs%2fdevtools-oxc 35ms (cache miss)
113 silly packumentCache full:https://registry.npmjs.org/@vitejs%2fdevtools-oxc set size:undefined disposed:false
114 silly fetch manifest @vitejs/devtools-rolldown@^0.5.2
115 silly packumentCache full:https://registry.npmjs.org/@vitejs%2fdevtools-rolldown cache-miss
116 http fetch GET 200 https://registry.npmjs.org/@vitejs%2fdevtools-rolldown 34ms (cache miss)
117 silly packumentCache full:https://registry.npmjs.org/@vitejs%2fdevtools-rolldown set size:undefined disposed:false
118 silly fetch manifest @vitejs/devtools-vite@^0.5.2
119 silly packumentCache full:https://registry.npmjs.org/@vitejs%2fdevtools-vite cache-miss
120 http fetch GET 200 https://registry.npmjs.org/@vitejs%2fdevtools-vite 373ms (cache miss)
121 silly packumentCache full:https://registry.npmjs.org/@vitejs%2fdevtools-vite set size:undefined disposed:false
122 silly fetch manifest @vitejs/devtools-vitest@^0.5.2
123 silly packumentCache full:https://registry.npmjs.org/@vitejs%2fdevtools-vitest cache-miss
124 http fetch GET 200 https://registry.npmjs.org/@vitejs%2fdevtools-vitest 306ms (cache miss)
125 silly packumentCache full:https://registry.npmjs.org/@vitejs%2fdevtools-vitest set size:undefined disposed:false
126 silly fetch manifest esbuild@^0.27.0 || ^0.28.0
127 silly packumentCache full:https://registry.npmjs.org/esbuild cache-miss
128 http fetch GET 200 https://registry.npmjs.org/esbuild 90ms (cache miss)
129 silly packumentCache full:https://registry.npmjs.org/esbuild set size:undefined disposed:false
130 silly fetch manifest jiti@>=1.21.0
131 silly packumentCache full:https://registry.npmjs.org/jiti cache-miss
132 http fetch GET 200 https://registry.npmjs.org/jiti 34ms (cache miss)
133 silly packumentCache full:https://registry.npmjs.org/jiti set size:undefined disposed:false
134 silly fetch manifest less@^4.0.0
135 silly packumentCache full:https://registry.npmjs.org/less cache-miss
136 http fetch GET 200 https://registry.npmjs.org/less 39ms (cache miss)
137 silly packumentCache full:https://registry.npmjs.org/less set size:undefined disposed:false
138 silly fetch manifest sass@^1.70.0
139 silly packumentCache full:https://registry.npmjs.org/sass cache-miss
140 http fetch GET 200 https://registry.npmjs.org/sass 58ms (cache miss)
141 silly packumentCache full:https://registry.npmjs.org/sass set size:undefined disposed:false
142 silly fetch manifest sass-embedded@^1.70.0
143 silly packumentCache full:https://registry.npmjs.org/sass-embedded cache-miss
144 http fetch GET 200 https://registry.npmjs.org/sass-embedded 48ms (cache miss)
145 silly packumentCache full:https://registry.npmjs.org/sass-embedded set size:undefined disposed:false
146 silly fetch manifest stylus@>=0.54.8
147 silly packumentCache full:https://registry.npmjs.org/stylus cache-miss
148 http fetch GET 200 https://registry.npmjs.org/stylus 30ms (cache miss)
149 silly packumentCache full:https://registry.npmjs.org/stylus set size:undefined disposed:false
150 silly fetch manifest sugarss@^5.0.0
151 silly packumentCache full:https://registry.npmjs.org/sugarss cache-miss
152 http fetch GET 200 https://registry.npmjs.org/sugarss 24ms (cache miss)
153 silly packumentCache full:https://registry.npmjs.org/sugarss set size:undefined disposed:false
154 silly fetch manifest postcss@^8.3.3
155 silly packumentCache full:https://registry.npmjs.org/postcss cache-miss
156 http fetch GET 200 https://registry.npmjs.org/postcss 50ms (cache miss)
157 silly packumentCache full:https://registry.npmjs.org/postcss set size:undefined disposed:false
158 silly fetch manifest terser@^5.16.0
159 silly packumentCache full:https://registry.npmjs.org/terser cache-miss
160 http fetch GET 200 https://registry.npmjs.org/terser 47ms (cache miss)
161 silly packumentCache full:https://registry.npmjs.org/terser set size:undefined disposed:false
162 silly fetch manifest tsx@^4.8.1
163 silly packumentCache full:https://registry.npmjs.org/tsx cache-miss
164 http fetch GET 200 https://registry.npmjs.org/tsx 31ms (cache miss)
165 silly packumentCache full:https://registry.npmjs.org/tsx set size:undefined disposed:false
166 silly fetch manifest yaml@^2.4.2
167 silly packumentCache full:https://registry.npmjs.org/yaml cache-miss
168 http fetch GET 200 https://registry.npmjs.org/yaml 34ms (cache miss)
169 silly packumentCache full:https://registry.npmjs.org/yaml set size:undefined disposed:false
170 silly fetch manifest supertest@*
171 silly packumentCache full:https://registry.npmjs.org/supertest cache-miss
172 http fetch GET 200 https://registry.npmjs.org/supertest 29ms (cache miss)
173 silly packumentCache full:https://registry.npmjs.org/supertest set size:undefined disposed:false
174 silly fetch manifest @types/supertest@*
175 silly packumentCache full:https://registry.npmjs.org/@types%2fsupertest cache-miss
176 http fetch GET 200 https://registry.npmjs.org/@types%2fsupertest 337ms (cache miss)
177 silly packumentCache full:https://registry.npmjs.org/@types%2fsupertest set size:undefined disposed:false
178 silly placeDep ROOT @types/cookie-parser@1.4.10 OK for: closetai-server@1.0.0 want: *
179 silly placeDep ROOT @types/multer@2.2.0 OK for: closetai-server@1.0.0 want: *
180 silly placeDep ROOT @types/supertest@7.2.1 OK for: closetai-server@1.0.0 want: *
181 silly placeDep ROOT prisma@6.19.3 OK for: closetai-server@1.0.0 want: ^6.14.0
182 silly placeDep ROOT supertest@7.2.2 OK for: closetai-server@1.0.0 want: *
183 silly placeDep ROOT vitest@5.0.0 OK for: closetai-server@1.0.0 want: *
184 silly placeDep ROOT vite@8.2.2 OK for: vitest@5.0.0 want: ^6.4.0 || ^7.0.0 || ^8.0.0
185 silly fetch manifest @types/methods@^1.1.4
186 silly packumentCache full:https://registry.npmjs.org/@types%2fmethods cache-miss
187 silly fetch manifest @types/superagent@^8.1.0
188 silly packumentCache full:https://registry.npmjs.org/@types%2fsuperagent cache-miss
189 silly fetch manifest @prisma/config@6.19.3
190 silly packumentCache full:https://registry.npmjs.org/@prisma%2fconfig cache-miss
191 silly fetch manifest @prisma/engines@6.19.3
192 silly packumentCache full:https://registry.npmjs.org/@prisma%2fengines cache-miss
193 silly fetch manifest superagent@^10.3.0
194 silly packumentCache full:https://registry.npmjs.org/superagent cache-miss
195 silly fetch manifest cookie-signature@^1.2.2
196 silly packumentCache full:https://registry.npmjs.org/cookie-signature cache-miss
197 silly fetch manifest chai@^6.2.2
198 silly packumentCache full:https://registry.npmjs.org/chai cache-miss
199 silly fetch manifest obug@^2.1.4
200 silly packumentCache full:https://registry.npmjs.org/obug cache-miss
201 silly fetch manifest std-env@^4.2.0
202 silly packumentCache full:https://registry.npmjs.org/std-env cache-miss
203 http cache https://registry.npmjs.org/cookie-signature 13ms (cache hit)
204 silly packumentCache full:https://registry.npmjs.org/cookie-signature set size:21777 disposed:false
205 silly fetch manifest tinyexec@1.3.0
206 silly packumentCache full:https://registry.npmjs.org/tinyexec cache-miss
207 http fetch GET 200 https://registry.npmjs.org/@types%2fmethods 37ms (cache miss)
208 silly packumentCache full:https://registry.npmjs.org/@types%2fmethods set size:undefined disposed:false
209 silly fetch manifest picomatch@^4.0.7
210 silly packumentCache full:https://registry.npmjs.org/picomatch cache-miss
211 http fetch GET 200 https://registry.npmjs.org/obug 55ms (cache miss)
212 silly packumentCache full:https://registry.npmjs.org/obug set size:undefined disposed:false
213 silly fetch manifest tinybench@6.1.4
214 silly packumentCache full:https://registry.npmjs.org/tinybench cache-miss
215 http fetch GET 200 https://registry.npmjs.org/picomatch 28ms (cache miss)
216 silly packumentCache full:https://registry.npmjs.org/picomatch set size:undefined disposed:false
217 silly fetch manifest tinyglobby@^0.2.17
218 silly packumentCache full:https://registry.npmjs.org/tinyglobby cache-miss
219 http fetch GET 200 https://registry.npmjs.org/chai 66ms (cache miss)
220 silly packumentCache full:https://registry.npmjs.org/chai set size:undefined disposed:false
221 silly fetch manifest @types/chai@^5.2.2
222 silly packumentCache full:https://registry.npmjs.org/@types%2fchai cache-miss
223 http fetch GET 200 https://registry.npmjs.org/tinyglobby 23ms (cache miss)
224 silly packumentCache full:https://registry.npmjs.org/tinyglobby set size:undefined disposed:false
225 silly fetch manifest expect-type@^1.4.0
226 silly packumentCache full:https://registry.npmjs.org/expect-type cache-miss
227 http fetch GET 200 https://registry.npmjs.org/tinyexec 75ms (cache miss)
228 silly packumentCache full:https://registry.npmjs.org/tinyexec set size:undefined disposed:false
229 silly fetch manifest magic-string@^1.2.3
230 silly packumentCache full:https://registry.npmjs.org/magic-string cache-miss
231 http fetch GET 200 https://registry.npmjs.org/@types%2fsuperagent 90ms (cache miss)
232 silly packumentCache full:https://registry.npmjs.org/@types%2fsuperagent set size:undefined disposed:false
233 silly fetch manifest @vitest/mocker@5.0.0
234 silly packumentCache full:https://registry.npmjs.org/@vitest%2fmocker cache-miss
235 http fetch GET 200 https://registry.npmjs.org/superagent 93ms (cache miss)
236 silly packumentCache full:https://registry.npmjs.org/superagent set size:undefined disposed:false
237 silly fetch manifest es-module-lexer@^2.3.2
238 silly packumentCache full:https://registry.npmjs.org/es-module-lexer cache-miss
239 http fetch GET 200 https://registry.npmjs.org/tinybench 43ms (cache miss)
240 silly packumentCache full:https://registry.npmjs.org/tinybench set size:undefined disposed:false
241 silly fetch manifest why-is-node-running@^2.3.0
242 silly packumentCache full:https://registry.npmjs.org/why-is-node-running cache-miss
243 http fetch GET 200 https://registry.npmjs.org/@types%2fchai 42ms (cache miss)
244 silly packumentCache full:https://registry.npmjs.org/@types%2fchai set size:undefined disposed:false
245 silly fetch manifest postcss@^8.5.26
246 silly packumentCache full:https://registry.npmjs.org/postcss cache-miss
247 http cache https://registry.npmjs.org/postcss 3ms (cache hit)
248 silly packumentCache full:https://registry.npmjs.org/postcss set size:766699 disposed:false
249 silly fetch manifest rolldown@~1.2.4
250 silly packumentCache full:https://registry.npmjs.org/rolldown cache-miss
251 http fetch GET 200 https://registry.npmjs.org/expect-type 33ms (cache miss)
252 silly packumentCache full:https://registry.npmjs.org/expect-type set size:undefined disposed:false
253 silly fetch manifest picomatch@^4.0.5
254 silly packumentCache full:https://registry.npmjs.org/picomatch cache-miss
255 http fetch GET 200 https://registry.npmjs.org/why-is-node-running 24ms (cache miss)
256 silly packumentCache full:https://registry.npmjs.org/why-is-node-running set size:undefined disposed:false
257 silly fetch manifest lightningcss@^1.33.0
258 silly packumentCache full:https://registry.npmjs.org/lightningcss cache-miss
259 http fetch GET 200 https://registry.npmjs.org/magic-string 36ms (cache miss)
260 silly packumentCache full:https://registry.npmjs.org/magic-string set size:undefined disposed:false
261 http cache https://registry.npmjs.org/picomatch 6ms (cache hit)
262 silly packumentCache full:https://registry.npmjs.org/picomatch set size:134451 disposed:false
263 http fetch GET 200 https://registry.npmjs.org/@vitest%2fmocker 41ms (cache miss)
264 silly packumentCache full:https://registry.npmjs.org/@vitest%2fmocker set size:undefined disposed:false
265 http fetch GET 200 https://registry.npmjs.org/es-module-lexer 38ms (cache miss)
266 silly packumentCache full:https://registry.npmjs.org/es-module-lexer set size:undefined disposed:false
267 http fetch GET 200 https://registry.npmjs.org/lightningcss 24ms (cache miss)
268 silly packumentCache full:https://registry.npmjs.org/lightningcss set size:undefined disposed:false
269 http fetch GET 200 https://registry.npmjs.org/rolldown 82ms (cache miss)
270 silly packumentCache full:https://registry.npmjs.org/rolldown set size:undefined disposed:false
271 http fetch GET 200 https://registry.npmjs.org/std-env 326ms (cache miss)
272 silly packumentCache full:https://registry.npmjs.org/std-env set size:undefined disposed:false
273 http fetch GET 200 https://registry.npmjs.org/@prisma%2fconfig 665ms (cache miss)
274 silly packumentCache full:https://registry.npmjs.org/@prisma%2fconfig set size:undefined disposed:false
275 http fetch GET 200 https://registry.npmjs.org/@prisma%2fengines 1233ms (cache miss)
276 silly packumentCache full:https://registry.npmjs.org/@prisma%2fengines set size:undefined disposed:false
277 silly placeDep ROOT @types/methods@1.1.4 OK for: @types/supertest@7.2.1 want: ^1.1.4
278 silly placeDep ROOT @types/superagent@8.1.11 OK for: @types/supertest@7.2.1 want: ^8.1.0
279 silly fetch manifest form-data@^4.0.0
280 silly packumentCache full:https://registry.npmjs.org/form-data cache-miss
281 silly fetch manifest @types/cookiejar@^2.1.5
282 silly packumentCache full:https://registry.npmjs.org/@types%2fcookiejar cache-miss
283 http fetch GET 200 https://registry.npmjs.org/form-data 24ms (cache miss)
284 silly packumentCache full:https://registry.npmjs.org/form-data set size:undefined disposed:false
285 http fetch GET 200 https://registry.npmjs.org/@types%2fcookiejar 277ms (cache miss)
286 silly packumentCache full:https://registry.npmjs.org/@types%2fcookiejar set size:undefined disposed:false
287 silly placeDep ROOT @types/cookiejar@2.1.5 OK for: @types/superagent@8.1.11 want: ^2.1.5
288 silly placeDep ROOT form-data@4.0.6 OK for: @types/superagent@8.1.11 want: ^4.0.0
289 silly fetch manifest hasown@^2.0.4
290 silly packumentCache full:https://registry.npmjs.org/hasown cache-miss
291 silly fetch manifest asynckit@^0.4.0
292 silly packumentCache full:https://registry.npmjs.org/asynckit cache-miss
293 silly fetch manifest combined-stream@^1.0.8
294 silly packumentCache full:https://registry.npmjs.org/combined-stream cache-miss
295 silly fetch manifest es-set-tostringtag@^2.1.0
296 silly packumentCache full:https://registry.npmjs.org/es-set-tostringtag cache-miss
297 http fetch GET 200 https://registry.npmjs.org/combined-stream 29ms (cache miss)
298 silly packumentCache full:https://registry.npmjs.org/combined-stream set size:undefined disposed:false
299 http fetch GET 200 https://registry.npmjs.org/hasown 30ms (cache miss)
300 silly packumentCache full:https://registry.npmjs.org/hasown set size:undefined disposed:false
301 http fetch GET 200 https://registry.npmjs.org/es-set-tostringtag 31ms (cache miss)
302 silly packumentCache full:https://registry.npmjs.org/es-set-tostringtag set size:undefined disposed:false
303 http fetch GET 200 https://registry.npmjs.org/asynckit 31ms (cache miss)
304 silly packumentCache full:https://registry.npmjs.org/asynckit set size:undefined disposed:false
305 silly placeDep ROOT asynckit@0.4.0 OK for: form-data@4.0.6 want: ^0.4.0
306 silly placeDep ROOT combined-stream@1.0.8 OK for: form-data@4.0.6 want: ^1.0.8
307 silly placeDep ROOT es-set-tostringtag@2.1.0 OK for: form-data@4.0.6 want: ^2.1.0
308 silly placeDep ROOT hasown@2.0.4 REPLACE for: form-data@4.0.6 want: ^2.0.4
309 silly fetch manifest delayed-stream@~1.0.0
310 silly packumentCache full:https://registry.npmjs.org/delayed-stream cache-miss
311 silly fetch manifest has-tostringtag@^1.0.2
312 silly packumentCache full:https://registry.npmjs.org/has-tostringtag cache-miss
313 http fetch GET 200 https://registry.npmjs.org/has-tostringtag 19ms (cache miss)
314 silly packumentCache full:https://registry.npmjs.org/has-tostringtag set size:undefined disposed:false
315 http fetch GET 200 https://registry.npmjs.org/delayed-stream 24ms (cache miss)
316 silly packumentCache full:https://registry.npmjs.org/delayed-stream set size:undefined disposed:false
317 silly placeDep ROOT delayed-stream@1.0.0 OK for: combined-stream@1.0.8 want: ~1.0.0
318 silly placeDep ROOT has-tostringtag@1.0.2 OK for: es-set-tostringtag@2.1.0 want: ^1.0.2
319 silly placeDep ROOT @prisma/config@6.19.3 OK for: prisma@6.19.3 want: 6.19.3
320 silly placeDep ROOT @prisma/engines@6.19.3 OK for: prisma@6.19.3 want: 6.19.3
321 silly fetch manifest c12@3.1.0
322 silly packumentCache full:https://registry.npmjs.org/c12 cache-miss
323 silly fetch manifest effect@3.21.0
324 silly packumentCache full:https://registry.npmjs.org/effect cache-miss
325 silly fetch manifest empathic@2.0.0
326 silly packumentCache full:https://registry.npmjs.org/empathic cache-miss
327 silly fetch manifest deepmerge-ts@7.1.5
328 silly packumentCache full:https://registry.npmjs.org/deepmerge-ts cache-miss
329 silly fetch manifest @prisma/debug@6.19.3
330 silly packumentCache full:https://registry.npmjs.org/@prisma%2fdebug cache-miss
331 silly fetch manifest @prisma/fetch-engine@6.19.3
332 silly packumentCache full:https://registry.npmjs.org/@prisma%2ffetch-engine cache-miss
333 silly fetch manifest @prisma/get-platform@6.19.3
334 silly packumentCache full:https://registry.npmjs.org/@prisma%2fget-platform cache-miss
335 silly fetch manifest @prisma/engines-version@7.1.1-3.c2990dca591cba766e3b7ef5d9e8a84796e47ab7
336 silly packumentCache full:https://registry.npmjs.org/@prisma%2fengines-version cache-miss
337 http fetch GET 200 https://registry.npmjs.org/c12 28ms (cache miss)
338 silly packumentCache full:https://registry.npmjs.org/c12 set size:undefined disposed:false
339 http fetch GET 200 https://registry.npmjs.org/effect 240ms (cache miss)
340 silly packumentCache full:https://registry.npmjs.org/effect set size:undefined disposed:false
341 http fetch GET 200 https://registry.npmjs.org/empathic 295ms (cache miss)
342 silly packumentCache full:https://registry.npmjs.org/empathic set size:undefined disposed:false
343 http fetch GET 200 https://registry.npmjs.org/deepmerge-ts 301ms (cache miss)
344 silly packumentCache full:https://registry.npmjs.org/deepmerge-ts set size:undefined disposed:false
345 http fetch GET 200 https://registry.npmjs.org/@prisma%2fdebug 582ms (cache miss)
346 silly packumentCache full:https://registry.npmjs.org/@prisma%2fdebug set size:undefined disposed:false
347 http fetch GET 200 https://registry.npmjs.org/@prisma%2fget-platform 681ms (cache miss)
348 silly packumentCache full:https://registry.npmjs.org/@prisma%2fget-platform set size:undefined disposed:false
349 http fetch GET 200 https://registry.npmjs.org/@prisma%2fengines-version 957ms (cache miss)
350 silly packumentCache full:https://registry.npmjs.org/@prisma%2fengines-version set size:undefined disposed:false
351 http fetch GET 200 https://registry.npmjs.org/@prisma%2ffetch-engine 1435ms (cache miss)
352 silly packumentCache full:https://registry.npmjs.org/@prisma%2ffetch-engine set size:undefined disposed:false
353 silly fetch manifest magicast@^0.3.5
354 silly packumentCache full:https://registry.npmjs.org/magicast cache-miss
355 http fetch GET 200 https://registry.npmjs.org/magicast 28ms (cache miss)
356 silly packumentCache full:https://registry.npmjs.org/magicast set size:undefined disposed:false
357 silly placeDep ROOT c12@3.1.0 OK for: @prisma/config@6.19.3 want: 3.1.0
358 silly placeDep ROOT deepmerge-ts@7.1.5 OK for: @prisma/config@6.19.3 want: 7.1.5
359 silly placeDep ROOT effect@3.21.0 OK for: @prisma/config@6.19.3 want: 3.21.0
360 silly placeDep ROOT empathic@2.0.0 OK for: @prisma/config@6.19.3 want: 2.0.0
361 silly fetch manifest rc9@^2.1.2
362 silly packumentCache full:https://registry.npmjs.org/rc9 cache-miss
363 silly fetch manifest defu@^6.1.4
364 silly packumentCache full:https://registry.npmjs.org/defu cache-miss
365 silly fetch manifest jiti@^2.4.2
366 silly packumentCache full:https://registry.npmjs.org/jiti cache-miss
367 silly fetch manifest giget@^2.0.0
368 silly packumentCache full:https://registry.npmjs.org/giget cache-miss
369 silly fetch manifest ohash@^2.0.11
370 silly packumentCache full:https://registry.npmjs.org/ohash cache-miss
371 silly fetch manifest pathe@^2.0.3
372 silly packumentCache full:https://registry.npmjs.org/pathe cache-miss
373 silly fetch manifest confbox@^0.2.2
374 silly packumentCache full:https://registry.npmjs.org/confbox cache-miss
375 silly fetch manifest exsolve@^1.0.7
376 silly packumentCache full:https://registry.npmjs.org/exsolve cache-miss
377 silly fetch manifest chokidar@^4.0.3
378 silly packumentCache full:https://registry.npmjs.org/chokidar cache-miss
379 http cache https://registry.npmjs.org/jiti 6ms (cache hit)
380 silly packumentCache full:https://registry.npmjs.org/jiti set size:387989 disposed:false
381 silly fetch manifest pkg-types@^2.2.0
382 silly packumentCache full:https://registry.npmjs.org/pkg-types cache-miss
383 http fetch GET 200 https://registry.npmjs.org/exsolve 25ms (cache miss)
384 silly packumentCache full:https://registry.npmjs.org/exsolve set size:undefined disposed:false
385 silly fetch manifest perfect-debounce@^1.0.0
386 silly packumentCache full:https://registry.npmjs.org/perfect-debounce cache-miss
387 http fetch GET 200 https://registry.npmjs.org/giget 26ms (cache miss)
388 silly packumentCache full:https://registry.npmjs.org/giget set size:undefined disposed:false
389 silly fetch manifest fast-check@^3.23.1
390 silly packumentCache full:https://registry.npmjs.org/fast-check cache-miss
391 http fetch GET 200 https://registry.npmjs.org/rc9 29ms (cache miss)
392 silly packumentCache full:https://registry.npmjs.org/rc9 set size:undefined disposed:false
393 silly fetch manifest @standard-schema/spec@^1.0.0
394 silly packumentCache full:https://registry.npmjs.org/@standard-schema%2fspec cache-miss
395 http fetch GET 200 https://registry.npmjs.org/confbox 29ms (cache miss)
396 silly packumentCache full:https://registry.npmjs.org/confbox set size:undefined disposed:false
397 http fetch GET 200 https://registry.npmjs.org/ohash 30ms (cache miss)
398 silly packumentCache full:https://registry.npmjs.org/ohash set size:undefined disposed:false
399 http fetch GET 200 https://registry.npmjs.org/defu 32ms (cache miss)
400 silly packumentCache full:https://registry.npmjs.org/defu set size:undefined disposed:false
401 http fetch GET 200 https://registry.npmjs.org/chokidar 33ms (cache miss)
402 silly packumentCache full:https://registry.npmjs.org/chokidar set size:undefined disposed:false
403 http fetch GET 200 https://registry.npmjs.org/perfect-debounce 16ms (cache miss)
404 silly packumentCache full:https://registry.npmjs.org/perfect-debounce set size:undefined disposed:false
405 http fetch GET 200 https://registry.npmjs.org/@standard-schema%2fspec 31ms (cache miss)
406 silly packumentCache full:https://registry.npmjs.org/@standard-schema%2fspec set size:undefined disposed:false
407 http fetch GET 200 https://registry.npmjs.org/pathe 293ms (cache miss)
408 silly packumentCache full:https://registry.npmjs.org/pathe set size:undefined disposed:false
409 http fetch GET 200 https://registry.npmjs.org/pkg-types 297ms (cache miss)
410 silly packumentCache full:https://registry.npmjs.org/pkg-types set size:undefined disposed:false
411 http fetch GET 200 https://registry.npmjs.org/fast-check 292ms (cache miss)
412 silly packumentCache full:https://registry.npmjs.org/fast-check set size:undefined disposed:false
413 silly placeDep ROOT @prisma/debug@6.19.3 OK for: @prisma/engines@6.19.3 want: 6.19.3
414 silly placeDep ROOT @prisma/engines-version@7.1.1-3.c2990dca591cba766e3b7ef5d9e8a84796e47ab7 OK for: @prisma/engines@6.19.3 want: 7.1.1-3.c2990dca591cba766e3b7ef5d9e8a84796e47ab7
415 silly placeDep ROOT @prisma/fetch-engine@6.19.3 OK for: @prisma/engines@6.19.3 want: 6.19.3
416 silly placeDep ROOT @prisma/get-platform@6.19.3 OK for: @prisma/engines@6.19.3 want: 6.19.3
417 silly placeDep node_modules/c12 chokidar@4.0.3 OK for: c12@3.1.0 want: ^4.0.3
418 silly placeDep ROOT confbox@0.2.4 OK for: c12@3.1.0 want: ^0.2.2
419 silly placeDep ROOT defu@6.1.7 OK for: c12@3.1.0 want: ^6.1.4
420 silly placeDep ROOT exsolve@1.1.1 OK for: c12@3.1.0 want: ^1.0.7
421 silly placeDep ROOT giget@2.0.0 OK for: c12@3.1.0 want: ^2.0.0
422 silly placeDep node_modules/c12 jiti@2.7.0 OK for: c12@3.1.0 want: ^2.4.2
423 silly placeDep ROOT ohash@2.0.12 OK for: c12@3.1.0 want: ^2.0.11
424 silly placeDep ROOT pathe@2.0.3 OK for: c12@3.1.0 want: ^2.0.3
425 silly placeDep ROOT perfect-debounce@1.0.0 OK for: c12@3.1.0 want: ^1.0.0
426 silly placeDep ROOT pkg-types@2.3.2 OK for: c12@3.1.0 want: ^2.2.0
427 silly placeDep ROOT rc9@2.1.2 OK for: c12@3.1.0 want: ^2.1.2
428 silly fetch manifest readdirp@^4.0.1
429 silly packumentCache full:https://registry.npmjs.org/readdirp cache-miss
430 silly fetch manifest nypm@^0.6.0
431 silly packumentCache full:https://registry.npmjs.org/nypm cache-miss
432 silly fetch manifest citty@^0.1.6
433 silly packumentCache full:https://registry.npmjs.org/citty cache-miss
434 silly fetch manifest consola@^3.4.0
435 silly packumentCache full:https://registry.npmjs.org/consola cache-miss
436 silly fetch manifest node-fetch-native@^1.6.6
437 silly packumentCache full:https://registry.npmjs.org/node-fetch-native cache-miss
438 silly fetch manifest confbox@^0.3.0
439 silly packumentCache full:https://registry.npmjs.org/confbox cache-miss
440 silly fetch manifest destr@^2.0.3
441 silly packumentCache full:https://registry.npmjs.org/destr cache-miss
442 http cache https://registry.npmjs.org/confbox 3ms (cache hit)
443 silly packumentCache full:https://registry.npmjs.org/confbox set size:49622 disposed:false
444 http fetch GET 200 https://registry.npmjs.org/destr 23ms (cache miss)
445 silly packumentCache full:https://registry.npmjs.org/destr set size:undefined disposed:false
446 http fetch GET 200 https://registry.npmjs.org/readdirp 26ms (cache miss)
447 silly packumentCache full:https://registry.npmjs.org/readdirp set size:undefined disposed:false
448 http fetch GET 200 https://registry.npmjs.org/consola 30ms (cache miss)
449 silly packumentCache full:https://registry.npmjs.org/consola set size:undefined disposed:false
450 http fetch GET 200 https://registry.npmjs.org/citty 260ms (cache miss)
451 silly packumentCache full:https://registry.npmjs.org/citty set size:undefined disposed:false
452 http fetch GET 200 https://registry.npmjs.org/nypm 282ms (cache miss)
453 silly packumentCache full:https://registry.npmjs.org/nypm set size:undefined disposed:false
454 http fetch GET 200 https://registry.npmjs.org/node-fetch-native 292ms (cache miss)
455 silly packumentCache full:https://registry.npmjs.org/node-fetch-native set size:undefined disposed:false
456 silly placeDep ROOT @standard-schema/spec@1.1.0 OK for: effect@3.21.0 want: ^1.0.0
457 silly placeDep ROOT fast-check@3.23.2 OK for: effect@3.21.0 want: ^3.23.1
458 silly fetch manifest pure-rand@^6.1.0
459 silly packumentCache full:https://registry.npmjs.org/pure-rand cache-miss
460 http fetch GET 200 https://registry.npmjs.org/pure-rand 29ms (cache miss)
461 silly packumentCache full:https://registry.npmjs.org/pure-rand set size:undefined disposed:false
462 silly placeDep ROOT pure-rand@6.1.0 OK for: fast-check@3.23.2 want: ^6.1.0
463 silly placeDep ROOT citty@0.1.6 OK for: giget@2.0.0 want: ^0.1.6
464 silly placeDep ROOT consola@3.4.2 OK for: giget@2.0.0 want: ^3.4.0
465 silly placeDep ROOT node-fetch-native@1.6.7 OK for: giget@2.0.0 want: ^1.6.6
466 silly placeDep ROOT nypm@0.6.9 OK for: giget@2.0.0 want: ^0.6.0
467 silly fetch manifest consola@^3.2.3
468 silly packumentCache full:https://registry.npmjs.org/consola cache-miss
469 silly fetch manifest citty@^0.2.2
470 silly packumentCache full:https://registry.npmjs.org/citty cache-miss
471 silly fetch manifest tinyexec@^1.2.4
472 silly packumentCache full:https://registry.npmjs.org/tinyexec cache-miss
473 http cache https://registry.npmjs.org/citty 3ms (cache hit)
474 silly packumentCache full:https://registry.npmjs.org/citty set size:38628 disposed:false
475 http cache https://registry.npmjs.org/consola 3ms (cache hit)
476 silly packumentCache full:https://registry.npmjs.org/consola set size:324648 disposed:false
477 http cache https://registry.npmjs.org/tinyexec 5ms (cache hit)
478 silly packumentCache full:https://registry.npmjs.org/tinyexec set size:68252 disposed:false
479 silly placeDep node_modules/nypm citty@0.2.2 OK for: nypm@0.6.9 want: ^0.2.2
480 silly placeDep ROOT tinyexec@1.3.1 OK for: nypm@0.6.9 want: ^1.2.4
481 silly placeDep node_modules/pkg-types confbox@0.3.1 OK for: pkg-types@2.3.2 want: ^0.3.0
482 silly placeDep ROOT destr@2.0.5 OK for: rc9@2.1.2 want: ^2.0.3
483 silly placeDep node_modules/supertest cookie-signature@1.2.2 OK for: supertest@7.2.2 want: ^1.2.2
484 silly placeDep ROOT superagent@10.3.0 OK for: supertest@7.2.2 want: ^10.3.0
485 silly fetch manifest component-emitter@^1.3.1
486 silly packumentCache full:https://registry.npmjs.org/component-emitter cache-miss
487 silly fetch manifest cookiejar@^2.1.4
488 silly packumentCache full:https://registry.npmjs.org/cookiejar cache-miss
489 silly fetch manifest debug@^4.3.7
490 silly packumentCache full:https://registry.npmjs.org/debug cache-miss
491 silly fetch manifest fast-safe-stringify@^2.1.1
492 silly packumentCache full:https://registry.npmjs.org/fast-safe-stringify cache-miss
493 silly fetch manifest formidable@^3.5.4
494 silly packumentCache full:https://registry.npmjs.org/formidable cache-miss
495 silly fetch manifest mime@2.6.0
496 silly packumentCache full:https://registry.npmjs.org/mime cache-miss
497 http fetch GET 200 https://registry.npmjs.org/cookiejar 21ms (cache miss)
498 silly packumentCache full:https://registry.npmjs.org/cookiejar set size:undefined disposed:false
499 http fetch GET 200 https://registry.npmjs.org/component-emitter 25ms (cache miss)
500 silly packumentCache full:https://registry.npmjs.org/component-emitter set size:undefined disposed:false
501 http fetch GET 200 https://registry.npmjs.org/mime 29ms (cache miss)
502 silly packumentCache full:https://registry.npmjs.org/mime set size:undefined disposed:false
503 http fetch GET 200 https://registry.npmjs.org/debug 30ms (cache miss)
504 silly packumentCache full:https://registry.npmjs.org/debug set size:undefined disposed:false
505 http fetch GET 200 https://registry.npmjs.org/formidable 268ms (cache miss)
506 silly packumentCache full:https://registry.npmjs.org/formidable set size:undefined disposed:false
507 http fetch GET 200 https://registry.npmjs.org/fast-safe-stringify 278ms (cache miss)
508 silly packumentCache full:https://registry.npmjs.org/fast-safe-stringify set size:undefined disposed:false
509 silly placeDep ROOT component-emitter@1.3.1 OK for: superagent@10.3.0 want: ^1.3.1
510 silly placeDep ROOT cookiejar@2.1.4 OK for: superagent@10.3.0 want: ^2.1.4
511 silly placeDep node_modules/superagent debug@4.4.3 OK for: superagent@10.3.0 want: ^4.3.7
512 silly placeDep ROOT fast-safe-stringify@2.1.1 OK for: superagent@10.3.0 want: ^2.1.1
513 silly placeDep ROOT formidable@3.5.4 OK for: superagent@10.3.0 want: ^3.5.4
514 silly placeDep node_modules/superagent mime@2.6.0 OK for: superagent@10.3.0 want: 2.6.0
515 silly fetch manifest ms@^2.1.3
516 silly packumentCache full:https://registry.npmjs.org/ms cache-miss
517 silly fetch manifest once@^1.4.0
518 silly packumentCache full:https://registry.npmjs.org/once cache-miss
519 silly fetch manifest dezalgo@^1.0.4
520 silly packumentCache full:https://registry.npmjs.org/dezalgo cache-miss
521 silly fetch manifest @paralleldrive/cuid2@^2.2.2
522 silly packumentCache full:https://registry.npmjs.org/@paralleldrive%2fcuid2 cache-miss
523 http fetch GET 200 https://registry.npmjs.org/once 22ms (cache miss)
524 silly packumentCache full:https://registry.npmjs.org/once set size:undefined disposed:false
525 http fetch GET 200 https://registry.npmjs.org/ms 24ms (cache miss)
526 silly packumentCache full:https://registry.npmjs.org/ms set size:undefined disposed:false
527 http fetch GET 200 https://registry.npmjs.org/@paralleldrive%2fcuid2 259ms (cache miss)
528 silly packumentCache full:https://registry.npmjs.org/@paralleldrive%2fcuid2 set size:undefined disposed:false
529 http fetch GET 200 https://registry.npmjs.org/dezalgo 273ms (cache miss)
530 silly packumentCache full:https://registry.npmjs.org/dezalgo set size:undefined disposed:false
531 silly placeDep ROOT @paralleldrive/cuid2@2.3.1 OK for: formidable@3.5.4 want: ^2.2.2
532 silly placeDep ROOT dezalgo@1.0.4 OK for: formidable@3.5.4 want: ^1.0.4
533 silly placeDep ROOT once@1.4.0 OK for: formidable@3.5.4 want: ^1.4.0
534 silly fetch manifest @noble/hashes@^1.1.5
535 silly packumentCache full:https://registry.npmjs.org/@noble%2fhashes cache-miss
536 silly fetch manifest asap@^2.0.0
537 silly packumentCache full:https://registry.npmjs.org/asap cache-miss
538 silly fetch manifest wrappy@1
539 silly packumentCache full:https://registry.npmjs.org/wrappy cache-miss
540 silly fetch manifest wrappy@1
541 silly packumentCache full:https://registry.npmjs.org/wrappy cache-miss
542 http fetch GET 200 https://registry.npmjs.org/wrappy 26ms (cache miss)
543 silly packumentCache full:https://registry.npmjs.org/wrappy set size:undefined disposed:false
544 http fetch GET 200 https://registry.npmjs.org/asap 28ms (cache miss)
545 silly packumentCache full:https://registry.npmjs.org/asap set size:undefined disposed:false
546 http fetch GET 200 https://registry.npmjs.org/wrappy 28ms (cache miss)
547 silly packumentCache full:https://registry.npmjs.org/wrappy set size:undefined disposed:false
548 http fetch GET 200 https://registry.npmjs.org/@noble%2fhashes 45ms (cache miss)
549 silly packumentCache full:https://registry.npmjs.org/@noble%2fhashes set size:undefined disposed:false
550 silly placeDep ROOT @noble/hashes@1.8.0 OK for: @paralleldrive/cuid2@2.3.1 want: ^1.1.5
551 silly placeDep ROOT asap@2.0.6 OK for: dezalgo@1.0.4 want: ^2.0.0
552 silly placeDep ROOT wrappy@1.0.2 OK for: dezalgo@1.0.4 want: 1
553 silly placeDep ROOT lightningcss@1.33.0 OK for: vite@8.2.2 want: ^1.33.0
554 silly placeDep node_modules/vite picomatch@4.0.7 OK for: vite@8.2.2 want: ^4.0.5
555 silly placeDep ROOT postcss@8.5.28 REPLACE for: vite@8.2.2 want: ^8.5.26
556 silly placeDep ROOT rolldown@1.2.7 OK for: vite@8.2.2 want: ~1.2.4
557 silly placeDep ROOT tinyglobby@0.2.17 REPLACE for: vite@8.2.2 want: ^0.2.17
558 silly fetch manifest lightningcss-darwin-x64@1.33.0
559 silly packumentCache full:https://registry.npmjs.org/lightningcss-darwin-x64 cache-miss
560 silly fetch manifest lightningcss-linux-x64-gnu@1.33.0
561 silly packumentCache full:https://registry.npmjs.org/lightningcss-linux-x64-gnu cache-miss
562 silly fetch manifest lightningcss-win32-x64-msvc@1.33.0
563 silly packumentCache full:https://registry.npmjs.org/lightningcss-win32-x64-msvc cache-miss
564 silly fetch manifest lightningcss-win32-arm64-msvc@1.33.0
565 silly packumentCache full:https://registry.npmjs.org/lightningcss-win32-arm64-msvc cache-miss
566 silly fetch manifest lightningcss-darwin-arm64@1.33.0
567 silly packumentCache full:https://registry.npmjs.org/lightningcss-darwin-arm64 cache-miss
568 silly fetch manifest lightningcss-linux-arm64-gnu@1.33.0
569 silly packumentCache full:https://registry.npmjs.org/lightningcss-linux-arm64-gnu cache-miss
570 silly fetch manifest lightningcss-linux-arm-gnueabihf@1.33.0
571 silly packumentCache full:https://registry.npmjs.org/lightningcss-linux-arm-gnueabihf cache-miss
572 silly fetch manifest lightningcss-linux-arm64-musl@1.33.0
573 silly packumentCache full:https://registry.npmjs.org/lightningcss-linux-arm64-musl cache-miss
574 silly fetch manifest lightningcss-linux-x64-musl@1.33.0
575 silly packumentCache full:https://registry.npmjs.org/lightningcss-linux-x64-musl cache-miss
576 http fetch GET 200 https://registry.npmjs.org/lightningcss-linux-x64-gnu 23ms (cache miss)
577 silly packumentCache full:https://registry.npmjs.org/lightningcss-linux-x64-gnu set size:undefined disposed:false
578 silly fetch manifest lightningcss-freebsd-x64@1.33.0
579 silly packumentCache full:https://registry.npmjs.org/lightningcss-freebsd-x64 cache-miss
580 http fetch GET 200 https://registry.npmjs.org/lightningcss-darwin-arm64 31ms (cache miss)
581 silly packumentCache full:https://registry.npmjs.org/lightningcss-darwin-arm64 set size:undefined disposed:false
582 silly fetch manifest lightningcss-android-arm64@1.33.0
583 silly packumentCache full:https://registry.npmjs.org/lightningcss-android-arm64 cache-miss
584 http fetch GET 200 https://registry.npmjs.org/lightningcss-linux-arm64-gnu 32ms (cache miss)
585 silly packumentCache full:https://registry.npmjs.org/lightningcss-linux-arm64-gnu set size:undefined disposed:false
586 silly fetch manifest nanoid@^3.3.18
587 silly packumentCache full:https://registry.npmjs.org/nanoid cache-miss
588 http fetch GET 200 https://registry.npmjs.org/lightningcss-linux-arm64-musl 33ms (cache miss)
589 silly packumentCache full:https://registry.npmjs.org/lightningcss-linux-arm64-musl set size:undefined disposed:false
590 silly fetch manifest @oxc-project/types@=0.148.0
591 silly packumentCache full:https://registry.npmjs.org/@oxc-project%2ftypes cache-miss
592 http fetch GET 200 https://registry.npmjs.org/lightningcss-darwin-x64 35ms (cache miss)
593 silly packumentCache full:https://registry.npmjs.org/lightningcss-darwin-x64 set size:undefined disposed:false
594 silly fetch manifest @rolldown/pluginutils@^1.0.0
595 silly packumentCache full:https://registry.npmjs.org/@rolldown%2fpluginutils cache-miss
596 http fetch GET 200 https://registry.npmjs.org/lightningcss-win32-x64-msvc 34ms (cache miss)
597 silly packumentCache full:https://registry.npmjs.org/lightningcss-win32-x64-msvc set size:undefined disposed:false
598 silly fetch manifest @rolldown/binding-darwin-x64@1.2.7
599 silly packumentCache full:https://registry.npmjs.org/@rolldown%2fbinding-darwin-x64 cache-miss
600 http fetch GET 200 https://registry.npmjs.org/lightningcss-linux-arm-gnueabihf 35ms (cache miss)
601 silly packumentCache full:https://registry.npmjs.org/lightningcss-linux-arm-gnueabihf set size:undefined disposed:false
602 silly fetch manifest @rolldown/binding-freebsd-x64@1.2.7
603 silly packumentCache full:https://registry.npmjs.org/@rolldown%2fbinding-freebsd-x64 cache-miss
604 http fetch GET 200 https://registry.npmjs.org/lightningcss-linux-x64-musl 36ms (cache miss)
605 silly packumentCache full:https://registry.npmjs.org/lightningcss-linux-x64-musl set size:undefined disposed:false
606 silly fetch manifest @rolldown/binding-darwin-arm64@1.2.7
607 silly packumentCache full:https://registry.npmjs.org/@rolldown%2fbinding-darwin-arm64 cache-miss
608 http fetch GET 200 https://registry.npmjs.org/lightningcss-android-arm64 17ms (cache miss)
609 silly packumentCache full:https://registry.npmjs.org/lightningcss-android-arm64 set size:undefined disposed:false
610 silly fetch manifest @rolldown/binding-android-arm64@1.2.7
611 silly packumentCache full:https://registry.npmjs.org/@rolldown%2fbinding-android-arm64 cache-miss
612 http fetch GET 200 https://registry.npmjs.org/nanoid 34ms (cache miss)
613 silly packumentCache full:https://registry.npmjs.org/nanoid set size:undefined disposed:false
614 silly fetch manifest @rolldown/binding-linux-x64-gnu@1.2.7
615 silly packumentCache full:https://registry.npmjs.org/@rolldown%2fbinding-linux-x64-gnu cache-miss
616 http fetch GET 200 https://registry.npmjs.org/@oxc-project%2ftypes 38ms (cache miss)
617 silly packumentCache full:https://registry.npmjs.org/@oxc-project%2ftypes set size:undefined disposed:false
618 silly fetch manifest @rolldown/binding-linux-x64-musl@1.2.7
619 silly packumentCache full:https://registry.npmjs.org/@rolldown%2fbinding-linux-x64-musl cache-miss
620 http fetch GET 200 https://registry.npmjs.org/@rolldown%2fpluginutils 39ms (cache miss)
621 silly packumentCache full:https://registry.npmjs.org/@rolldown%2fpluginutils set size:undefined disposed:false
622 silly fetch manifest @rolldown/binding-win32-x64-msvc@1.2.7
623 silly packumentCache full:https://registry.npmjs.org/@rolldown%2fbinding-win32-x64-msvc cache-miss
624 http fetch GET 200 https://registry.npmjs.org/@rolldown%2fbinding-freebsd-x64 54ms (cache miss)
625 silly packumentCache full:https://registry.npmjs.org/@rolldown%2fbinding-freebsd-x64 set size:undefined disposed:false
626 silly fetch manifest @rolldown/binding-linux-arm64-gnu@1.2.7
627 silly packumentCache full:https://registry.npmjs.org/@rolldown%2fbinding-linux-arm64-gnu cache-miss
628 http fetch GET 200 https://registry.npmjs.org/@rolldown%2fbinding-darwin-x64 69ms (cache miss)
629 silly packumentCache full:https://registry.npmjs.org/@rolldown%2fbinding-darwin-x64 set size:undefined disposed:false
630 silly fetch manifest @rolldown/binding-linux-ppc64-gnu@1.2.7
631 silly packumentCache full:https://registry.npmjs.org/@rolldown%2fbinding-linux-ppc64-gnu cache-miss
632 http fetch GET 200 https://registry.npmjs.org/@rolldown%2fbinding-darwin-arm64 72ms (cache miss)
633 silly packumentCache full:https://registry.npmjs.org/@rolldown%2fbinding-darwin-arm64 set size:undefined disposed:false
634 silly fetch manifest @rolldown/binding-linux-s390x-gnu@1.2.7
635 silly packumentCache full:https://registry.npmjs.org/@rolldown%2fbinding-linux-s390x-gnu cache-miss
636 http fetch GET 200 https://registry.npmjs.org/@rolldown%2fbinding-linux-x64-musl 64ms (cache miss)
637 silly packumentCache full:https://registry.npmjs.org/@rolldown%2fbinding-linux-x64-musl set size:undefined disposed:false
638 silly fetch manifest @rolldown/binding-android-arm-eabi@1.2.7
639 silly packumentCache full:https://registry.npmjs.org/@rolldown%2fbinding-android-arm-eabi cache-miss
640 http fetch GET 200 https://registry.npmjs.org/@rolldown%2fbinding-linux-x64-gnu 75ms (cache miss)
641 silly packumentCache full:https://registry.npmjs.org/@rolldown%2fbinding-linux-x64-gnu set size:undefined disposed:false
642 silly fetch manifest @rolldown/binding-linux-arm64-musl@1.2.7
643 silly packumentCache full:https://registry.npmjs.org/@rolldown%2fbinding-linux-arm64-musl cache-miss
644 http fetch GET 200 https://registry.npmjs.org/@rolldown%2fbinding-linux-s390x-gnu 37ms (cache miss)
645 silly packumentCache full:https://registry.npmjs.org/@rolldown%2fbinding-linux-s390x-gnu set size:undefined disposed:false
646 silly fetch manifest @rolldown/binding-win32-arm64-msvc@1.2.7
647 silly packumentCache full:https://registry.npmjs.org/@rolldown%2fbinding-win32-arm64-msvc cache-miss
648 http fetch GET 200 https://registry.npmjs.org/@rolldown%2fbinding-linux-ppc64-gnu 43ms (cache miss)
649 silly packumentCache full:https://registry.npmjs.org/@rolldown%2fbinding-linux-ppc64-gnu set size:undefined disposed:false
650 silly fetch manifest @rolldown/binding-openharmony-arm64@1.2.7
651 silly packumentCache full:https://registry.npmjs.org/@rolldown%2fbinding-openharmony-arm64 cache-miss
652 http fetch GET 200 https://registry.npmjs.org/@rolldown%2fbinding-win32-x64-msvc 80ms (cache miss)
653 silly packumentCache full:https://registry.npmjs.org/@rolldown%2fbinding-win32-x64-msvc set size:undefined disposed:false
654 silly fetch manifest @rolldown/binding-linux-arm-gnueabihf@1.2.7
655 silly packumentCache full:https://registry.npmjs.org/@rolldown%2fbinding-linux-arm-gnueabihf cache-miss
656 http fetch GET 200 https://registry.npmjs.org/@rolldown%2fbinding-linux-arm64-gnu 69ms (cache miss)
657 silly packumentCache full:https://registry.npmjs.org/@rolldown%2fbinding-linux-arm64-gnu set size:undefined disposed:false
658 http fetch GET 200 https://registry.npmjs.org/@rolldown%2fbinding-android-arm-eabi 29ms (cache miss)
659 silly packumentCache full:https://registry.npmjs.org/@rolldown%2fbinding-android-arm-eabi set size:undefined disposed:false
660 http fetch GET 200 https://registry.npmjs.org/@rolldown%2fbinding-openharmony-arm64 31ms (cache miss)
661 silly packumentCache full:https://registry.npmjs.org/@rolldown%2fbinding-openharmony-arm64 set size:undefined disposed:false
662 http fetch GET 200 https://registry.npmjs.org/@rolldown%2fbinding-linux-arm64-musl 62ms (cache miss)
663 silly packumentCache full:https://registry.npmjs.org/@rolldown%2fbinding-linux-arm64-musl set size:undefined disposed:false
664 http fetch GET 200 https://registry.npmjs.org/@rolldown%2fbinding-win32-arm64-msvc 70ms (cache miss)
665 silly packumentCache full:https://registry.npmjs.org/@rolldown%2fbinding-win32-arm64-msvc set size:undefined disposed:false
666 http fetch GET 200 https://registry.npmjs.org/@rolldown%2fbinding-linux-arm-gnueabihf 68ms (cache miss)
667 silly packumentCache full:https://registry.npmjs.org/@rolldown%2fbinding-linux-arm-gnueabihf set size:undefined disposed:false
668 http fetch GET 200 https://registry.npmjs.org/lightningcss-win32-arm64-msvc 276ms (cache miss)
669 silly packumentCache full:https://registry.npmjs.org/lightningcss-win32-arm64-msvc set size:undefined disposed:false
670 http fetch GET 200 https://registry.npmjs.org/lightningcss-freebsd-x64 252ms (cache miss)
671 silly packumentCache full:https://registry.npmjs.org/lightningcss-freebsd-x64 set size:undefined disposed:false
672 http fetch GET 200 https://registry.npmjs.org/@rolldown%2fbinding-android-arm64 277ms (cache miss)
673 silly packumentCache full:https://registry.npmjs.org/@rolldown%2fbinding-android-arm64 set size:undefined disposed:false
674 silly placeDep ROOT lightningcss-android-arm64@1.33.0 OK for: lightningcss@1.33.0 want: 1.33.0
675 silly placeDep ROOT lightningcss-darwin-arm64@1.33.0 OK for: lightningcss@1.33.0 want: 1.33.0
676 silly placeDep ROOT lightningcss-darwin-x64@1.33.0 OK for: lightningcss@1.33.0 want: 1.33.0
677 silly placeDep ROOT lightningcss-freebsd-x64@1.33.0 OK for: lightningcss@1.33.0 want: 1.33.0
678 silly placeDep ROOT lightningcss-linux-arm-gnueabihf@1.33.0 OK for: lightningcss@1.33.0 want: 1.33.0
679 silly placeDep ROOT lightningcss-linux-arm64-gnu@1.33.0 OK for: lightningcss@1.33.0 want: 1.33.0
680 silly placeDep ROOT lightningcss-linux-arm64-musl@1.33.0 OK for: lightningcss@1.33.0 want: 1.33.0
681 silly placeDep ROOT lightningcss-linux-x64-gnu@1.33.0 OK for: lightningcss@1.33.0 want: 1.33.0
682 silly placeDep ROOT lightningcss-linux-x64-musl@1.33.0 OK for: lightningcss@1.33.0 want: 1.33.0
683 silly placeDep ROOT lightningcss-win32-arm64-msvc@1.33.0 OK for: lightningcss@1.33.0 want: 1.33.0
684 silly placeDep ROOT lightningcss-win32-x64-msvc@1.33.0 OK for: lightningcss@1.33.0 want: 1.33.0
685 silly placeDep ROOT nanoid@3.3.18 REPLACE for: postcss@8.5.28 want: ^3.3.18
686 silly placeDep ROOT @oxc-project/types@0.148.0 OK for: rolldown@1.2.7 want: =0.148.0
687 silly placeDep ROOT @rolldown/binding-android-arm-eabi@1.2.7 OK for: rolldown@1.2.7 want: 1.2.7
688 silly placeDep ROOT @rolldown/binding-android-arm64@1.2.7 OK for: rolldown@1.2.7 want: 1.2.7
689 silly placeDep ROOT @rolldown/binding-darwin-arm64@1.2.7 OK for: rolldown@1.2.7 want: 1.2.7
690 silly placeDep ROOT @rolldown/binding-darwin-x64@1.2.7 OK for: rolldown@1.2.7 want: 1.2.7
691 silly placeDep ROOT @rolldown/binding-freebsd-x64@1.2.7 OK for: rolldown@1.2.7 want: 1.2.7
692 silly placeDep ROOT @rolldown/binding-linux-arm-gnueabihf@1.2.7 OK for: rolldown@1.2.7 want: 1.2.7
693 silly placeDep ROOT @rolldown/binding-linux-arm64-gnu@1.2.7 OK for: rolldown@1.2.7 want: 1.2.7
694 silly placeDep ROOT @rolldown/binding-linux-arm64-musl@1.2.7 OK for: rolldown@1.2.7 want: 1.2.7
695 silly placeDep ROOT @rolldown/binding-linux-ppc64-gnu@1.2.7 OK for: rolldown@1.2.7 want: 1.2.7
696 silly placeDep ROOT @rolldown/binding-linux-s390x-gnu@1.2.7 OK for: rolldown@1.2.7 want: 1.2.7
697 silly placeDep ROOT @rolldown/binding-linux-x64-gnu@1.2.7 OK for: rolldown@1.2.7 want: 1.2.7
698 silly placeDep ROOT @rolldown/binding-linux-x64-musl@1.2.7 OK for: rolldown@1.2.7 want: 1.2.7
699 silly placeDep ROOT @rolldown/binding-openharmony-arm64@1.2.7 OK for: rolldown@1.2.7 want: 1.2.7
700 silly placeDep ROOT @rolldown/binding-win32-arm64-msvc@1.2.7 OK for: rolldown@1.2.7 want: 1.2.7
701 silly placeDep ROOT @rolldown/binding-win32-x64-msvc@1.2.7 OK for: rolldown@1.2.7 want: 1.2.7
702 silly placeDep ROOT @rolldown/pluginutils@1.0.1 OK for: rolldown@1.2.7 want: ^1.0.0
703 silly fetch manifest msw@^2.4.9
704 silly packumentCache full:https://registry.npmjs.org/msw cache-miss
705 http fetch GET 200 https://registry.npmjs.org/msw 59ms (cache miss)
706 silly packumentCache full:https://registry.npmjs.org/msw set size:undefined disposed:false
707 silly fetch manifest typescript@>= 4.8.x
708 silly packumentCache full:https://registry.npmjs.org/typescript cache-miss
709 http cache https://registry.npmjs.org/typescript 26ms (cache hit)
710 silly packumentCache full:https://registry.npmjs.org/typescript set size:15635352 disposed:false
711 silly fetch manifest @types/node@^22.0.0 || >=24.0.0
712 silly packumentCache full:https://registry.npmjs.org/@types%2fnode cache-miss
713 http cache https://registry.npmjs.org/@types%2fnode 20ms (cache hit)
714 silly packumentCache full:https://registry.npmjs.org/@types%2fnode set size:11100097 disposed:false
715 silly placeDep ROOT @types/chai@5.2.3 OK for: vitest@5.0.0 want: ^5.2.2
716 silly placeDep ROOT @vitest/mocker@5.0.0 OK for: vitest@5.0.0 want: 5.0.0
717 silly placeDep ROOT chai@6.2.2 OK for: vitest@5.0.0 want: ^6.2.2
718 silly placeDep ROOT es-module-lexer@2.3.2 OK for: vitest@5.0.0 want: ^2.3.2
719 silly placeDep ROOT expect-type@1.4.0 OK for: vitest@5.0.0 want: ^1.4.0
720 silly placeDep ROOT magic-string@1.2.3 OK for: vitest@5.0.0 want: ^1.2.3
721 silly placeDep ROOT obug@2.1.4 OK for: vitest@5.0.0 want: ^2.1.4
722 silly placeDep node_modules/vitest picomatch@4.0.7 OK for: vitest@5.0.0 want: ^4.0.7
723 silly placeDep ROOT std-env@4.2.0 OK for: vitest@5.0.0 want: ^4.2.0
724 silly placeDep ROOT tinybench@6.1.4 OK for: vitest@5.0.0 want: 6.1.4
725 silly placeDep node_modules/vitest tinyexec@1.3.0 OK for: vitest@5.0.0 want: 1.3.0
726 silly placeDep ROOT why-is-node-running@2.3.0 OK for: vitest@5.0.0 want: ^2.3.0
727 silly fetch manifest @types/deep-eql@*
728 silly packumentCache full:https://registry.npmjs.org/@types%2fdeep-eql cache-miss
729 silly fetch manifest assertion-error@^2.0.1
730 silly packumentCache full:https://registry.npmjs.org/assertion-error cache-miss
731 silly fetch manifest @vitest/spy@5.0.0
732 silly packumentCache full:https://registry.npmjs.org/@vitest%2fspy cache-miss
733 silly fetch manifest estree-walker@^3.0.3
734 silly packumentCache full:https://registry.npmjs.org/estree-walker cache-miss
735 silly fetch manifest siginfo@^2.0.0
736 silly packumentCache full:https://registry.npmjs.org/siginfo cache-miss
737 silly fetch manifest stackback@0.0.2
738 silly packumentCache full:https://registry.npmjs.org/stackback cache-miss
739 http fetch GET 200 https://registry.npmjs.org/stackback 18ms (cache miss)
740 silly packumentCache full:https://registry.npmjs.org/stackback set size:undefined disposed:false
741 http fetch GET 200 https://registry.npmjs.org/assertion-error 21ms (cache miss)
742 silly packumentCache full:https://registry.npmjs.org/assertion-error set size:undefined disposed:false
743 http fetch GET 200 https://registry.npmjs.org/siginfo 22ms (cache miss)
744 silly packumentCache full:https://registry.npmjs.org/siginfo set size:undefined disposed:false
745 http fetch GET 200 https://registry.npmjs.org/estree-walker 24ms (cache miss)
746 silly packumentCache full:https://registry.npmjs.org/estree-walker set size:undefined disposed:false
747 http fetch GET 200 https://registry.npmjs.org/@types%2fdeep-eql 26ms (cache miss)
748 silly packumentCache full:https://registry.npmjs.org/@types%2fdeep-eql set size:undefined disposed:false
749 http fetch GET 200 https://registry.npmjs.org/@vitest%2fspy 42ms (cache miss)
750 silly packumentCache full:https://registry.npmjs.org/@vitest%2fspy set size:undefined disposed:false
751 silly placeDep ROOT @types/deep-eql@4.0.2 OK for: @types/chai@5.2.3 want: *
752 silly placeDep ROOT assertion-error@2.0.1 OK for: @types/chai@5.2.3 want: ^2.0.1
753 silly placeDep ROOT @vitest/spy@5.0.0 OK for: @vitest/mocker@5.0.0 want: 5.0.0
754 silly placeDep ROOT estree-walker@3.0.3 OK for: @vitest/mocker@5.0.0 want: ^3.0.3
755 silly placeDep ROOT siginfo@2.0.0 OK for: why-is-node-running@2.3.0 want: ^2.0.0
756 silly placeDep ROOT stackback@0.0.2 OK for: why-is-node-running@2.3.0 want: 0.0.2
757 silly placeDep node_modules/c12 readdirp@4.1.2 OK for: chokidar@4.0.3 want: ^4.0.1
758 silly placeDep node_modules/superagent ms@2.1.3 OK for: debug@4.4.3 want: ^2.1.3
759 silly reify mark retired [
759 silly reify   '/Users/chinmayeedeepakharane/Documents/AI stylist/AI-stylist/node_modules/hasown'
759 silly reify ]
760 silly reify mark retired [
760 silly reify   '/Users/chinmayeedeepakharane/Documents/AI stylist/AI-stylist/node_modules/nanoid',
760 silly reify   '/Users/chinmayeedeepakharane/Documents/AI stylist/AI-stylist/node_modules/.bin/nanoid'
760 silly reify ]
761 silly reify mark retired [
761 silly reify   '/Users/chinmayeedeepakharane/Documents/AI stylist/AI-stylist/node_modules/postcss'
761 silly reify ]
762 silly reify mark retired [
762 silly reify   '/Users/chinmayeedeepakharane/Documents/AI stylist/AI-stylist/node_modules/tinyglobby'
762 silly reify ]
763 silly reify moves {
763 silly reify   '/Users/chinmayeedeepakharane/Documents/AI stylist/AI-stylist/node_modules/hasown': '/Users/chinmayeedeepakharane/Documents/AI stylist/AI-stylist/node_modules/.hasown-0MIWsI6l',
763 silly reify   '/Users/chinmayeedeepakharane/Documents/AI stylist/AI-stylist/node_modules/nanoid': '/Users/chinmayeedeepakharane/Documents/AI stylist/AI-stylist/node_modules/.nanoid-je16PM16',
763 silly reify   '/Users/chinmayeedeepakharane/Documents/AI stylist/AI-stylist/node_modules/.bin/nanoid': '/Users/chinmayeedeepakharane/Documents/AI stylist/AI-stylist/node_modules/.bin/.nanoid-ILXgD4il',
763 silly reify   '/Users/chinmayeedeepakharane/Documents/AI stylist/AI-stylist/node_modules/postcss': '/Users/chinmayeedeepakharane/Documents/AI stylist/AI-stylist/node_modules/.postcss-5Fu9DC7a',
763 silly reify   '/Users/chinmayeedeepakharane/Documents/AI stylist/AI-stylist/node_modules/tinyglobby': '/Users/chinmayeedeepakharane/Documents/AI stylist/AI-stylist/node_modules/.tinyglobby-hhPm2Fne'
763 silly reify }
764 silly audit bulk request {
764 silly audit   'closetai-server': [ '1.0.0' ],
764 silly audit   arg: [ '4.1.3' ],
764 silly audit   'ts-node': [ '10.9.2' ],
764 silly audit   '@colors/colors': [ '1.6.0' ],
764 silly audit   '@cspotcode/source-map-support': [ '0.8.1' ],
764 silly audit   '@jridgewell/trace-mapping': [ '0.3.9', '0.3.31' ],
764 silly audit   '@dabh/diagnostics': [ '2.0.8' ],
764 silly audit   '@eslint-community/eslint-utils': [ '4.9.1' ],
764 silly audit   '@eslint-community/regexpp': [ '4.12.2' ],
764 silly audit   '@eslint/config-array': [ '0.21.2' ],
764 silly audit   'balanced-match': [ '1.0.2', '4.0.4' ],
764 silly audit   'brace-expansion': [ '1.1.16', '5.0.7' ],
764 silly audit   debug: [ '4.4.3', '2.6.9' ],
764 silly audit   minimatch: [ '3.1.5', '10.2.5' ],
764 silly audit   ms: [ '2.1.3', '2.0.0' ],
764 silly audit   '@eslint/config-helpers': [ '0.4.2' ],
764 silly audit   '@eslint/core': [ '0.17.0' ],
764 silly audit   '@eslint/eslintrc': [ '3.3.6' ],
764 silly audit   ignore: [ '5.3.2', '7.0.6' ],
764 silly audit   '@eslint/js': [ '9.39.5' ],
764 silly audit   '@eslint/object-schema': [ '2.1.7' ],
764 silly audit   '@eslint/plugin-kit': [ '0.4.1' ],
764 silly audit   '@humanfs/core': [ '0.19.2' ],
764 silly audit   '@humanfs/node': [ '0.16.8' ],
764 silly audit   '@humanfs/types': [ '0.15.0' ],
764 silly audit   '@humanwhocodes/module-importer': [ '1.0.1' ],
764 silly audit   '@humanwhocodes/retry': [ '0.4.3' ],
764 silly audit   '@jridgewell/resolve-uri': [ '3.1.2' ],
764 silly audit   '@jridgewell/sourcemap-codec': [ '1.5.5' ],
764 silly audit   '@mongodb-js/saslprep': [ '1.4.11' ],
764 silly audit   '@prisma/client': [ '6.19.3' ],
764 silly audit   '@so-ric/colorspace': [ '1.1.6' ],
764 silly audit   '@tsconfig/node10': [ '1.0.12' ],
764 silly audit   '@tsconfig/node12': [ '1.0.11' ],
764 silly audit   '@tsconfig/node14': [ '1.0.3' ],
764 silly audit   '@tsconfig/node16': [ '1.0.4' ],
764 silly audit   '@types/bcryptjs': [ '2.4.6' ],
764 silly audit   '@types/body-parser': [ '1.19.6' ],
764 silly audit   '@types/compression': [ '1.8.1' ],
764 silly audit   '@types/connect': [ '3.4.38' ],
764 silly audit   '@types/cors': [ '2.8.19' ],
764 silly audit   '@types/estree': [ '1.0.9' ],
764 silly audit   '@types/express': [ '5.0.6' ],
764 silly audit   '@types/express-serve-static-core': [ '5.1.2' ],
764 silly audit   '@types/http-errors': [ '2.0.5' ],
764 silly audit   '@types/json-schema': [ '7.0.15' ],
764 silly audit   '@types/jsonwebtoken': [ '9.0.10' ],
764 silly audit   '@types/morgan': [ '1.9.10' ],
764 silly audit   '@types/ms': [ '2.1.0' ],
764 silly audit   '@types/node': [ '22.19.19' ],
764 silly audit   '@types/qs': [ '6.15.1' ],
764 silly audit   '@types/range-parser': [ '1.2.7' ],
764 silly audit   '@types/send': [ '1.2.1' ],
764 silly audit   '@types/serve-static': [ '2.2.0' ],
764 silly audit   '@types/triple-beam': [ '1.3.5' ],
764 silly audit   '@types/webidl-conversions': [ '7.0.3' ],
764 silly audit   '@types/whatwg-url': [ '11.0.5' ],
764 silly audit   '@typescript-eslint/eslint-plugin': [ '8.63.0' ],
764 silly audit   '@typescript-eslint/parser': [ '8.63.0' ],
764 silly audit   '@typescript-eslint/project-service': [ '8.63.0' ],
764 silly audit   '@typescript-eslint/scope-manager': [ '8.63.0' ],
764 silly audit   '@typescript-eslint/tsconfig-utils': [ '8.63.0' ],
764 silly audit   '@typescript-eslint/type-utils': [ '8.63.0' ],
764 silly audit   '@typescript-eslint/types': [ '8.63.0' ],
764 silly audit   '@typescript-eslint/typescript-estree': [ '8.63.0' ],
764 silly audit   '@typescript-eslint/utils': [ '8.63.0' ],
764 silly audit   '@typescript-eslint/visitor-keys': [ '8.63.0' ],
764 silly audit   'eslint-visitor-keys': [ '5.0.1', '3.4.3', '4.2.1' ],
764 silly audit   accepts: [ '1.3.8' ],
764 silly audit   acorn: [ '8.17.0' ],
764 silly audit   'acorn-jsx': [ '5.3.2' ],
764 silly audit   'acorn-walk': [ '8.3.5' ],
764 silly audit   ajv: [ '6.15.0' ],
764 silly audit   'ansi-styles': [ '4.3.0' ],
764 silly audit   anymatch: [ '3.1.3' ],
764 silly audit   'append-field': [ '1.0.0' ],
764 silly audit   argparse: [ '2.0.1' ],
764 silly audit   'array-flatten': [ '1.1.1' ],
764 silly audit   async: [ '3.2.6' ],
764 silly audit   'basic-auth': [ '2.0.1' ],
764 silly audit   'safe-buffer': [ '5.1.2', '5.2.1' ],
764 silly audit   bcryptjs: [ '3.0.3' ],
764 silly audit   'binary-extensions': [ '2.3.0' ],
764 silly audit   'body-parser': [ '1.20.5' ],
764 silly audit   braces: [ '3.0.3' ],
764 silly audit   bson: [ '6.10.4' ],
764 silly audit   'buffer-equal-constant-time': [ '1.0.1' ],
764 silly audit   'buffer-from': [ '1.1.2' ],
764 silly audit   busboy: [ '1.6.0' ],
764 silly audit   bytes: [ '3.1.2' ],
764 silly audit   'call-bind-apply-helpers': [ '1.0.2' ],
764 silly audit   'call-bound': [ '1.0.4' ],
764 silly audit   callsites: [ '3.1.0' ],
764 silly audit   chalk: [ '4.1.2' ],
764 silly audit   'supports-color': [ '7.2.0', '5.5.0' ],
764 silly audit   chokidar: [ '3.6.0', '4.0.3' ],
764 silly audit   'glob-parent': [ '5.1.2', '6.0.2' ],
764 silly audit   color: [ '5.0.3' ],
764 silly audit   'color-convert': [ '2.0.1', '3.1.3' ],
764 silly audit   'color-name': [ '1.1.4', '2.1.0' ],
764 silly audit   'color-string': [ '2.1.4' ],
764 silly audit   compressible: [ '2.0.18' ],
764 silly audit   compression: [ '1.8.1' ],
764 silly audit   negotiator: [ '0.6.4', '0.6.3' ],
764 silly audit   'concat-map': [ '0.0.1' ],
764 silly audit   'concat-stream': [ '2.0.0' ],
764 silly audit   'content-disposition': [ '0.5.4' ],
764 silly audit   'content-type': [ '1.0.5' ],
764 silly audit   cookie: [ '0.7.2' ],
764 silly audit   'cookie-parser': [ '1.4.7' ],
764 silly audit   'cookie-signature': [ '1.0.6', '1.0.7', '1.2.2' ],
764 silly audit   cors: [ '2.8.6' ],
764 silly audit   'create-require': [ '1.1.1' ],
764 silly audit   'cross-spawn': [ '7.0.6' ],
764 silly audit   'deep-is': [ '0.1.4' ],
764 silly audit   depd: [ '2.0.0' ],
764 silly audit   destroy: [ '1.2.0' ],
764 silly audit   'detect-libc': [ '2.1.2' ],
764 silly audit   diff: [ '4.0.4' ],
764 silly audit   dotenv: [ '16.6.1' ],
764 silly audit   'dunder-proto': [ '1.0.1' ],
764 silly audit   'ecdsa-sig-formatter': [ '1.0.11' ],
764 silly audit   'ee-first': [ '1.1.1' ],
764 silly audit   enabled: [ '2.0.0' ],
764 silly audit   encodeurl: [ '2.0.0' ],
764 silly audit   'es-define-property': [ '1.0.1' ],
764 silly audit   'es-errors': [ '1.3.0' ],
764 silly audit   'es-object-atoms': [ '1.1.1' ],
764 silly audit   'escape-html': [ '1.0.3' ],
764 silly audit   'escape-string-regexp': [ '4.0.0' ],
764 silly audit   eslint: [ '9.39.5' ],
764 silly audit   'eslint-scope': [ '8.4.0' ],
764 silly audit   espree: [ '10.4.0' ],
764 silly audit   esquery: [ '1.7.0' ],
764 silly audit   esrecurse: [ '4.3.0' ],
764 silly audit   estraverse: [ '5.3.0' ],
764 silly audit   esutils: [ '2.0.3' ],
764 silly audit   etag: [ '1.8.1' ],
764 silly audit   express: [ '4.22.2' ],
764 silly audit   'express-rate-limit': [ '7.5.1' ],
764 silly audit   'fast-deep-equal': [ '3.1.3' ],
764 silly audit   'fast-json-stable-stringify': [ '2.1.0' ],
764 silly audit   'fast-levenshtein': [ '2.0.6' ],
764 silly audit   fecha: [ '4.2.3' ],
764 silly audit   'file-entry-cache': [ '8.0.0' ],
764 silly audit   'fill-range': [ '7.1.1' ],
764 silly audit   finalhandler: [ '1.3.2' ],
764 silly audit   'find-up': [ '5.0.0' ],
764 silly audit   'flat-cache': [ '4.0.1' ],
764 silly audit   flatted: [ '3.4.2' ],
764 silly audit   'fn.name': [ '1.1.0' ],
764 silly audit   forwarded: [ '0.2.0' ],
764 silly audit   fresh: [ '0.5.2' ],
764 silly audit   fsevents: [ '2.3.3' ],
764 silly audit   'function-bind': [ '1.1.2' ],
764 silly audit   'get-intrinsic': [ '1.3.0' ],
764 silly audit   'get-proto': [ '1.0.1' ],
764 silly audit   globals: [ '14.0.0' ],
764 silly audit   gopd: [ '1.2.0' ],
764 silly audit   'has-flag': [ '4.0.0', '3.0.0' ],
764 silly audit   'has-symbols': [ '1.1.0' ],
764 silly audit   helmet: [ '8.2.0' ],
764 silly audit   'http-errors': [ '2.0.1' ],
764 silly audit   'iconv-lite': [ '0.4.24' ],
764 silly audit   'ignore-by-default': [ '1.0.1' ],
764 silly audit   'import-fresh': [ '3.3.1' ],
764 silly audit   imurmurhash: [ '0.1.4' ],
764 silly audit   inherits: [ '2.0.4' ],
764 silly audit   'ipaddr.js': [ '1.9.1' ],
764 silly audit   'is-binary-path': [ '2.1.0' ],
764 silly audit   'is-extglob': [ '2.1.1' ],
764 silly audit   'is-glob': [ '4.0.3' ],
764 silly audit   'is-number': [ '7.0.0' ],
764 silly audit   'is-stream': [ '2.0.1' ],
764 silly audit   isexe: [ '2.0.0' ],
764 silly audit   jiti: [ '1.21.7', '2.7.0' ],
764 silly audit   'js-yaml': [ '4.3.0' ],
764 silly audit   'json-buffer': [ '3.0.1' ],
764 silly audit   'json-schema-traverse': [ '0.4.1' ],
764 silly audit   'json-stable-stringify-without-jsonify': [ '1.0.1' ],
764 silly audit   jsonwebtoken: [ '9.0.3' ],
764 silly audit   jwa: [ '2.0.1' ],
764 silly audit   jws: [ '4.0.1' ],
764 silly audit   kareem: [ '2.6.3' ],
764 silly audit   keyv: [ '4.5.4' ],
764 silly audit   kuler: [ '2.0.0' ],
764 silly audit   levn: [ '0.4.1' ],
764 silly audit   'locate-path': [ '6.0.0' ],
764 silly audit   'lodash.includes': [ '4.3.0' ],
764 silly audit   'lodash.isboolean': [ '3.0.3' ],
764 silly audit   'lodash.isinteger': [ '4.0.4' ],
764 silly audit   'lodash.isnumber': [ '3.0.3' ],
764 silly audit   'lodash.isplainobject': [ '4.0.6' ],
764 silly audit   'lodash.isstring': [ '4.0.1' ],
764 silly audit   'lodash.merge': [ '4.6.2' ],
764 silly audit   'lodash.once': [ '4.1.1' ],
764 silly audit   logform: [ '2.7.0' ],
764 silly audit   'make-error': [ '1.3.6' ],
764 silly audit   'math-intrinsics': [ '1.1.0' ],
764 silly audit   'media-typer': [ '0.3.0' ],
764 silly audit   'memory-pager': [ '1.5.0' ],
764 silly audit   'merge-descriptors': [ '1.0.3' ],
764 silly audit   methods: [ '1.1.2' ],
764 silly audit   mime: [ '1.6.0', '2.6.0' ],
764 silly audit   'mime-db': [ '1.52.0' ],
764 silly audit   'mime-types': [ '2.1.35' ],
764 silly audit   mongodb: [ '6.20.0' ],
764 silly audit   'mongodb-connection-string-url': [ '3.0.2' ],
764 silly audit   mongoose: [ '8.23.1' ],
764 silly audit   morgan: [ '1.10.1' ],
764 silly audit   'on-finished': [ '2.3.0', '2.4.1' ],
764 silly audit   mpath: [ '0.9.0' ],
764 silly audit   mquery: [ '5.0.0' ],
764 silly audit   multer: [ '2.3.0' ],
764 silly audit   'natural-compare': [ '1.4.0' ],
764 silly audit   postcss: [ '8.5.28' ],
764 silly audit   nodemon: [ '3.1.14' ],
764 silly audit   'normalize-path': [ '3.0.0' ],
764 silly audit   'object-assign': [ '4.1.1' ],
764 silly audit   'object-inspect': [ '1.13.4' ],
764 silly audit   'on-headers': [ '1.1.0' ],
764 silly audit   'one-time': [ '1.0.0' ],
764 silly audit   optionator: [ '0.9.4' ],
764 silly audit   'p-limit': [ '3.1.0' ],
764 silly audit   'p-locate': [ '5.0.0' ],
764 silly audit   'parent-module': [ '1.0.1' ],
764 silly audit   parseurl: [ '1.3.3' ],
764 silly audit   'path-exists': [ '4.0.0' ],
764 silly audit   'path-key': [ '3.1.1' ],
764 silly audit   'path-to-regexp': [ '0.1.13' ],
764 silly audit   picocolors: [ '1.1.1' ],
764 silly audit   picomatch: [ '2.3.2', '4.0.7', '4.0.4' ],
764 silly audit   'prelude-ls': [ '1.2.1' ],
764 silly audit   prettier: [ '3.9.5' ],
764 silly audit   'proxy-addr': [ '2.0.7' ],
764 silly audit   'pstree.remy': [ '1.1.8' ],
764 silly audit   punycode: [ '2.3.1' ],
764 silly audit   qs: [ '6.15.1' ],
764 silly audit   'range-parser': [ '1.2.1' ],
764 silly audit   'raw-body': [ '2.5.3' ],
764 silly audit   'readable-stream': [ '3.6.2' ],
764 silly audit   readdirp: [ '3.6.0', '4.1.2' ],
764 silly audit   'resolve-from': [ '4.0.0' ],
764 silly audit   'safe-stable-stringify': [ '2.5.0' ],
764 silly audit   'safer-buffer': [ '2.1.2' ],
764 silly audit   semver: [ '7.8.0' ],
764 silly audit   send: [ '0.19.2' ],
764 silly audit   'serve-static': [ '1.16.3' ],
764 silly audit   setprototypeof: [ '1.2.0' ],
764 silly audit   'shebang-command': [ '2.0.0' ],
764 silly audit   'shebang-regex': [ '3.0.0' ],
764 silly audit   'side-channel': [ '1.1.0' ],
764 silly audit   'side-channel-list': [ '1.0.1' ],
764 silly audit   'side-channel-map': [ '1.0.1' ],
764 silly audit   'side-channel-weakmap': [ '1.0.2' ],
764 silly audit   sift: [ '17.1.3' ],
764 silly audit   'simple-update-notifier': [ '2.0.0' ],
764 silly audit   'source-map-js': [ '1.2.1' ],
764 silly audit   'sparse-bitfield': [ '3.0.3' ],
764 silly audit   'stack-trace': [ '0.0.10' ],
764 silly audit   statuses: [ '2.0.2' ],
764 silly audit   streamsearch: [ '1.1.0' ],
764 silly audit   string_decoder: [ '1.3.0' ],
764 silly audit   'strip-json-comments': [ '3.1.1' ],
764 silly audit   'text-hex': [ '1.0.0' ],
764 silly audit   'to-regex-range': [ '5.0.1' ],
764 silly audit   toidentifier: [ '1.0.1' ],
764 silly audit   touch: [ '3.1.1' ],
764 silly audit   tr46: [ '5.1.1' ],
764 silly audit   'triple-beam': [ '1.4.1' ],
764 silly audit   'ts-api-utils': [ '2.5.0' ],
764 silly audit   'type-check': [ '0.4.0' ],
764 silly audit   'type-is': [ '1.6.18' ],
764 silly audit   typedarray: [ '0.0.6' ],
764 silly audit   typescript: [ '5.9.3' ],
764 silly audit   undefsafe: [ '2.0.5' ],
764 silly audit   'undici-types': [ '6.21.0' ],
764 silly audit   unpipe: [ '1.0.0' ],
764 silly audit   'uri-js': [ '4.4.1' ],
764 silly audit   'util-deprecate': [ '1.0.2' ],
764 silly audit   'utils-merge': [ '1.0.1' ],
764 silly audit   'v8-compile-cache-lib': [ '3.0.1' ],
764 silly audit   vary: [ '1.1.2' ],
764 silly audit   'webidl-conversions': [ '7.0.0' ],
764 silly audit   'whatwg-url': [ '14.2.0' ],
764 silly audit   which: [ '2.0.2' ],
764 silly audit   winston: [ '3.19.0' ],
764 silly audit   'winston-transport': [ '4.9.0' ],
764 silly audit   'word-wrap': [ '1.2.5' ],
764 silly audit   yn: [ '3.1.1' ],
764 silly audit   'yocto-queue': [ '0.1.0' ],
764 silly audit   zod: [ '3.25.76' ],
764 silly audit   '@types/cookie-parser': [ '1.4.10' ],
764 silly audit   '@types/multer': [ '2.2.0' ],
764 silly audit   '@types/supertest': [ '7.2.1' ],
764 silly audit   prisma: [ '6.19.3' ],
764 silly audit   supertest: [ '7.2.2' ],
764 silly audit   vitest: [ '5.0.0' ],
764 silly audit   vite: [ '8.2.2' ],
764 silly audit   '@types/methods': [ '1.1.4' ],
764 silly audit   '@types/superagent': [ '8.1.11' ],
764 silly audit   '@types/cookiejar': [ '2.1.5' ],
764 silly audit   'form-data': [ '4.0.6' ],
764 silly audit   asynckit: [ '0.4.0' ],
764 silly audit   'combined-stream': [ '1.0.8' ],
764 silly audit   'es-set-tostringtag': [ '2.1.0' ],
764 silly audit   hasown: [ '2.0.4' ],
764 silly audit   'delayed-stream': [ '1.0.0' ],
764 silly audit   'has-tostringtag': [ '1.0.2' ],
764 silly audit   '@prisma/config': [ '6.19.3' ],
764 silly audit   '@prisma/engines': [ '6.19.3' ],
764 silly audit   c12: [ '3.1.0' ],
764 silly audit   'deepmerge-ts': [ '7.1.5' ],
764 silly audit   effect: [ '3.21.0' ],
764 silly audit   empathic: [ '2.0.0' ],
764 silly audit   '@prisma/debug': [ '6.19.3' ],
764 silly audit   '@prisma/engines-version': [ '7.1.1-3.c2990dca591cba766e3b7ef5d9e8a84796e47ab7' ],
764 silly audit   '@prisma/fetch-engine': [ '6.19.3' ],
764 silly audit   '@prisma/get-platform': [ '6.19.3' ],
764 silly audit   confbox: [ '0.2.4', '0.3.1' ],
764 silly audit   defu: [ '6.1.7' ],
764 silly audit   exsolve: [ '1.1.1' ],
764 silly audit   giget: [ '2.0.0' ],
764 silly audit   ohash: [ '2.0.12' ],
764 silly audit   pathe: [ '2.0.3' ],
764 silly audit   'perfect-debounce': [ '1.0.0' ],
764 silly audit   'pkg-types': [ '2.3.2' ],
764 silly audit   rc9: [ '2.1.2' ],
764 silly audit   '@standard-schema/spec': [ '1.1.0' ],
764 silly audit   'fast-check': [ '3.23.2' ],
764 silly audit   'pure-rand': [ '6.1.0' ],
764 silly audit   citty: [ '0.1.6', '0.2.2' ],
764 silly audit   consola: [ '3.4.2' ],
764 silly audit   'node-fetch-native': [ '1.6.7' ],
764 silly audit   nypm: [ '0.6.9' ],
764 silly audit   tinyexec: [ '1.3.1', '1.3.0' ],
764 silly audit   destr: [ '2.0.5' ],
764 silly audit   superagent: [ '10.3.0' ],
764 silly audit   'component-emitter': [ '1.3.1' ],
764 silly audit   cookiejar: [ '2.1.4' ],
764 silly audit   'fast-safe-stringify': [ '2.1.1' ],
764 silly audit   formidable: [ '3.5.4' ],
764 silly audit   '@paralleldrive/cuid2': [ '2.3.1' ],
764 silly audit   dezalgo: [ '1.0.4' ],
764 silly audit   once: [ '1.4.0' ],
764 silly audit   '@noble/hashes': [ '1.8.0' ],
764 silly audit   asap: [ '2.0.6' ],
764 silly audit   wrappy: [ '1.0.2' ],
764 silly audit   lightningcss: [ '1.33.0' ],
764 silly audit   rolldown: [ '1.2.7' ],
764 silly audit   tinyglobby: [ '0.2.17' ],
764 silly audit   fdir: [ '6.5.0' ],
764 silly audit   'lightningcss-android-arm64': [ '1.33.0' ],
764 silly audit   'lightningcss-darwin-arm64': [ '1.33.0' ],
764 silly audit   'lightningcss-darwin-x64': [ '1.33.0' ],
764 silly audit   'lightningcss-freebsd-x64': [ '1.33.0' ],
764 silly audit   'lightningcss-linux-arm-gnueabihf': [ '1.33.0' ],
764 silly audit   'lightningcss-linux-arm64-gnu': [ '1.33.0' ],
764 silly audit   'lightningcss-linux-arm64-musl': [ '1.33.0' ],
764 silly audit   'lightningcss-linux-x64-gnu': [ '1.33.0' ],
764 silly audit   'lightningcss-linux-x64-musl': [ '1.33.0' ],
764 silly audit   'lightningcss-win32-arm64-msvc': [ '1.33.0' ],
764 silly audit   'lightningcss-win32-x64-msvc': [ '1.33.0' ],
764 silly audit   nanoid: [ '3.3.18' ],
764 silly audit   '@oxc-project/types': [ '0.148.0' ],
764 silly audit   '@rolldown/binding-android-arm-eabi': [ '1.2.7' ],
764 silly audit   '@rolldown/binding-android-arm64': [ '1.2.7' ],
764 silly audit   '@rolldown/binding-darwin-arm64': [ '1.2.7' ],
764 silly audit   '@rolldown/binding-darwin-x64': [ '1.2.7' ],
764 silly audit   '@rolldown/binding-freebsd-x64': [ '1.2.7' ],
764 silly audit   '@rolldown/binding-linux-arm-gnueabihf': [ '1.2.7' ],
764 silly audit   '@rolldown/binding-linux-arm64-gnu': [ '1.2.7' ],
764 silly audit   '@rolldown/binding-linux-arm64-musl': [ '1.2.7' ],
764 silly audit   '@rolldown/binding-linux-ppc64-gnu': [ '1.2.7' ],
764 silly audit   '@rolldown/binding-linux-s390x-gnu': [ '1.2.7' ],
764 silly audit   '@rolldown/binding-linux-x64-gnu': [ '1.2.7' ],
764 silly audit   '@rolldown/binding-linux-x64-musl': [ '1.2.7' ],
764 silly audit   '@rolldown/binding-openharmony-arm64': [ '1.2.7' ],
764 silly audit   '@rolldown/binding-win32-arm64-msvc': [ '1.2.7' ],
764 silly audit   '@rolldown/binding-win32-x64-msvc': [ '1.2.7' ],
764 silly audit   '@rolldown/pluginutils': [ '1.0.1' ],
764 silly audit   '@types/chai': [ '5.2.3' ],
764 silly audit   '@vitest/mocker': [ '5.0.0' ],
764 silly audit   chai: [ '6.2.2' ],
764 silly audit   'es-module-lexer': [ '2.3.2' ],
764 silly audit   'expect-type': [ '1.4.0' ],
764 silly audit   'magic-string': [ '1.2.3' ],
764 silly audit   obug: [ '2.1.4' ],
764 silly audit   'std-env': [ '4.2.0' ],
764 silly audit   tinybench: [ '6.1.4' ],
764 silly audit   'why-is-node-running': [ '2.3.0' ],
764 silly audit   '@types/deep-eql': [ '4.0.2' ],
764 silly audit   'assertion-error': [ '2.0.1' ],
764 silly audit   '@vitest/spy': [ '5.0.0' ],
764 silly audit   'estree-walker': [ '3.0.3' ],
764 silly audit   siginfo: [ '2.0.0' ],
764 silly audit   stackback: [ '0.0.2' ]
764 silly audit }
765 verbose reify failed optional dependency /Users/chinmayeedeepakharane/Documents/AI stylist/AI-stylist/node_modules/@rolldown/binding-win32-x64-msvc
766 silly reify mark deleted [
766 silly reify   '/Users/chinmayeedeepakharane/Documents/AI stylist/AI-stylist/node_modules/@rolldown/binding-win32-x64-msvc'
766 silly reify ]
767 verbose reify failed optional dependency /Users/chinmayeedeepakharane/Documents/AI stylist/AI-stylist/node_modules/@rolldown/binding-win32-arm64-msvc
768 silly reify mark deleted [
768 silly reify   '/Users/chinmayeedeepakharane/Documents/AI stylist/AI-stylist/node_modules/@rolldown/binding-win32-arm64-msvc'
768 silly reify ]
769 verbose reify failed optional dependency /Users/chinmayeedeepakharane/Documents/AI stylist/AI-stylist/node_modules/@rolldown/binding-openharmony-arm64
770 silly reify mark deleted [
770 silly reify   '/Users/chinmayeedeepakharane/Documents/AI stylist/AI-stylist/node_modules/@rolldown/binding-openharmony-arm64'
770 silly reify ]
771 verbose reify failed optional dependency /Users/chinmayeedeepakharane/Documents/AI stylist/AI-stylist/node_modules/@rolldown/binding-linux-x64-musl
772 silly reify mark deleted [
772 silly reify   '/Users/chinmayeedeepakharane/Documents/AI stylist/AI-stylist/node_modules/@rolldown/binding-linux-x64-musl'
772 silly reify ]
773 verbose reify failed optional dependency /Users/chinmayeedeepakharane/Documents/AI stylist/AI-stylist/node_modules/@rolldown/binding-linux-x64-gnu
774 silly reify mark deleted [
774 silly reify   '/Users/chinmayeedeepakharane/Documents/AI stylist/AI-stylist/node_modules/@rolldown/binding-linux-x64-gnu'
774 silly reify ]
775 verbose reify failed optional dependency /Users/chinmayeedeepakharane/Documents/AI stylist/AI-stylist/node_modules/@rolldown/binding-linux-s390x-gnu
776 silly reify mark deleted [
776 silly reify   '/Users/chinmayeedeepakharane/Documents/AI stylist/AI-stylist/node_modules/@rolldown/binding-linux-s390x-gnu'
776 silly reify ]
777 verbose reify failed optional dependency /Users/chinmayeedeepakharane/Documents/AI stylist/AI-stylist/node_modules/@rolldown/binding-linux-ppc64-gnu
778 silly reify mark deleted [
778 silly reify   '/Users/chinmayeedeepakharane/Documents/AI stylist/AI-stylist/node_modules/@rolldown/binding-linux-ppc64-gnu'
778 silly reify ]
779 verbose reify failed optional dependency /Users/chinmayeedeepakharane/Documents/AI stylist/AI-stylist/node_modules/@rolldown/binding-linux-arm64-musl
780 silly reify mark deleted [
780 silly reify   '/Users/chinmayeedeepakharane/Documents/AI stylist/AI-stylist/node_modules/@rolldown/binding-linux-arm64-musl'
780 silly reify ]
781 verbose reify failed optional dependency /Users/chinmayeedeepakharane/Documents/AI stylist/AI-stylist/node_modules/@rolldown/binding-linux-arm64-gnu
782 silly reify mark deleted [
782 silly reify   '/Users/chinmayeedeepakharane/Documents/AI stylist/AI-stylist/node_modules/@rolldown/binding-linux-arm64-gnu'
782 silly reify ]
783 verbose reify failed optional dependency /Users/chinmayeedeepakharane/Documents/AI stylist/AI-stylist/node_modules/@rolldown/binding-linux-arm-gnueabihf
784 silly reify mark deleted [
784 silly reify   '/Users/chinmayeedeepakharane/Documents/AI stylist/AI-stylist/node_modules/@rolldown/binding-linux-arm-gnueabihf'
784 silly reify ]
785 verbose reify failed optional dependency /Users/chinmayeedeepakharane/Documents/AI stylist/AI-stylist/node_modules/@rolldown/binding-freebsd-x64
786 silly reify mark deleted [
786 silly reify   '/Users/chinmayeedeepakharane/Documents/AI stylist/AI-stylist/node_modules/@rolldown/binding-freebsd-x64'
786 silly reify ]
787 verbose reify failed optional dependency /Users/chinmayeedeepakharane/Documents/AI stylist/AI-stylist/node_modules/@rolldown/binding-darwin-x64
788 silly reify mark deleted [
788 silly reify   '/Users/chinmayeedeepakharane/Documents/AI stylist/AI-stylist/node_modules/@rolldown/binding-darwin-x64'
788 silly reify ]
789 verbose reify failed optional dependency /Users/chinmayeedeepakharane/Documents/AI stylist/AI-stylist/node_modules/@rolldown/binding-android-arm64
790 silly reify mark deleted [
790 silly reify   '/Users/chinmayeedeepakharane/Documents/AI stylist/AI-stylist/node_modules/@rolldown/binding-android-arm64'
790 silly reify ]
791 verbose reify failed optional dependency /Users/chinmayeedeepakharane/Documents/AI stylist/AI-stylist/node_modules/@rolldown/binding-android-arm-eabi
792 silly reify mark deleted [
792 silly reify   '/Users/chinmayeedeepakharane/Documents/AI stylist/AI-stylist/node_modules/@rolldown/binding-android-arm-eabi'
792 silly reify ]
793 verbose reify failed optional dependency /Users/chinmayeedeepakharane/Documents/AI stylist/AI-stylist/node_modules/lightningcss-win32-x64-msvc
794 silly reify mark deleted [
794 silly reify   '/Users/chinmayeedeepakharane/Documents/AI stylist/AI-stylist/node_modules/lightningcss-win32-x64-msvc'
794 silly reify ]
795 verbose reify failed optional dependency /Users/chinmayeedeepakharane/Documents/AI stylist/AI-stylist/node_modules/lightningcss-win32-arm64-msvc
796 silly reify mark deleted [
796 silly reify   '/Users/chinmayeedeepakharane/Documents/AI stylist/AI-stylist/node_modules/lightningcss-win32-arm64-msvc'
796 silly reify ]
797 verbose reify failed optional dependency /Users/chinmayeedeepakharane/Documents/AI stylist/AI-stylist/node_modules/lightningcss-linux-x64-musl
798 silly reify mark deleted [
798 silly reify   '/Users/chinmayeedeepakharane/Documents/AI stylist/AI-stylist/node_modules/lightningcss-linux-x64-musl'
798 silly reify ]
799 verbose reify failed optional dependency /Users/chinmayeedeepakharane/Documents/AI stylist/AI-stylist/node_modules/lightningcss-linux-x64-gnu
800 silly reify mark deleted [
800 silly reify   '/Users/chinmayeedeepakharane/Documents/AI stylist/AI-stylist/node_modules/lightningcss-linux-x64-gnu'
800 silly reify ]
801 verbose reify failed optional dependency /Users/chinmayeedeepakharane/Documents/AI stylist/AI-stylist/node_modules/lightningcss-linux-arm64-musl
802 silly reify mark deleted [
802 silly reify   '/Users/chinmayeedeepakharane/Documents/AI stylist/AI-stylist/node_modules/lightningcss-linux-arm64-musl'
802 silly reify ]
803 verbose reify failed optional dependency /Users/chinmayeedeepakharane/Documents/AI stylist/AI-stylist/node_modules/lightningcss-linux-arm64-gnu
804 silly reify mark deleted [
804 silly reify   '/Users/chinmayeedeepakharane/Documents/AI stylist/AI-stylist/node_modules/lightningcss-linux-arm64-gnu'
804 silly reify ]
805 verbose reify failed optional dependency /Users/chinmayeedeepakharane/Documents/AI stylist/AI-stylist/node_modules/lightningcss-linux-arm-gnueabihf
806 silly reify mark deleted [
806 silly reify   '/Users/chinmayeedeepakharane/Documents/AI stylist/AI-stylist/node_modules/lightningcss-linux-arm-gnueabihf'
806 silly reify ]
807 verbose reify failed optional dependency /Users/chinmayeedeepakharane/Documents/AI stylist/AI-stylist/node_modules/lightningcss-freebsd-x64
808 silly reify mark deleted [
808 silly reify   '/Users/chinmayeedeepakharane/Documents/AI stylist/AI-stylist/node_modules/lightningcss-freebsd-x64'
808 silly reify ]
809 verbose reify failed optional dependency /Users/chinmayeedeepakharane/Documents/AI stylist/AI-stylist/node_modules/lightningcss-darwin-x64
810 silly reify mark deleted [
810 silly reify   '/Users/chinmayeedeepakharane/Documents/AI stylist/AI-stylist/node_modules/lightningcss-darwin-x64'
810 silly reify ]
811 verbose reify failed optional dependency /Users/chinmayeedeepakharane/Documents/AI stylist/AI-stylist/node_modules/lightningcss-android-arm64
812 silly reify mark deleted [
812 silly reify   '/Users/chinmayeedeepakharane/Documents/AI stylist/AI-stylist/node_modules/lightningcss-android-arm64'
812 silly reify ]
813 http cache estree-walker@https://registry.npmjs.org/estree-walker/-/estree-walker-3.0.3.tgz 0ms (cache hit)
814 http cache stackback@https://registry.npmjs.org/stackback/-/stackback-0.0.2.tgz 0ms (cache hit)
815 http cache siginfo@https://registry.npmjs.org/siginfo/-/siginfo-2.0.0.tgz 0ms (cache hit)
816 http cache @vitest/spy@https://registry.npmjs.org/@vitest/spy/-/spy-5.0.0.tgz 0ms (cache hit)
817 http cache assertion-error@https://registry.npmjs.org/assertion-error/-/assertion-error-2.0.1.tgz 0ms (cache hit)
818 http cache why-is-node-running@https://registry.npmjs.org/why-is-node-running/-/why-is-node-running-2.3.0.tgz 0ms (cache hit)
819 http cache std-env@https://registry.npmjs.org/std-env/-/std-env-4.2.0.tgz 0ms (cache hit)
820 http cache @types/deep-eql@https://registry.npmjs.org/@types/deep-eql/-/deep-eql-4.0.2.tgz 0ms (cache hit)
821 http cache tinybench@https://registry.npmjs.org/tinybench/-/tinybench-6.1.4.tgz 0ms (cache hit)
822 http cache magic-string@https://registry.npmjs.org/magic-string/-/magic-string-1.2.3.tgz 0ms (cache hit)
823 http cache es-module-lexer@https://registry.npmjs.org/es-module-lexer/-/es-module-lexer-2.3.2.tgz 0ms (cache hit)
824 http cache chai@https://registry.npmjs.org/chai/-/chai-6.2.2.tgz 0ms (cache hit)
825 http cache @vitest/mocker@https://registry.npmjs.org/@vitest/mocker/-/mocker-5.0.0.tgz 0ms (cache hit)
826 http cache obug@https://registry.npmjs.org/obug/-/obug-2.1.4.tgz 0ms (cache hit)
827 http cache @rolldown/pluginutils@https://registry.npmjs.org/@rolldown/pluginutils/-/pluginutils-1.0.1.tgz 0ms (cache hit)
828 http cache @types/chai@https://registry.npmjs.org/@types/chai/-/chai-5.2.3.tgz 0ms (cache hit)
829 http cache @rolldown/binding-darwin-arm64@https://registry.npmjs.org/@rolldown/binding-darwin-arm64/-/binding-darwin-arm64-1.2.7.tgz 0ms (cache hit)
830 http cache @oxc-project/types@https://registry.npmjs.org/@oxc-project/types/-/types-0.148.0.tgz 0ms (cache hit)
831 http cache lightningcss-darwin-arm64@https://registry.npmjs.org/lightningcss-darwin-arm64/-/lightningcss-darwin-arm64-1.33.0.tgz 0ms (cache hit)
832 http cache rolldown@https://registry.npmjs.org/rolldown/-/rolldown-1.2.7.tgz 0ms (cache hit)
833 http cache lightningcss@https://registry.npmjs.org/lightningcss/-/lightningcss-1.33.0.tgz 0ms (cache hit)
834 http cache asap@https://registry.npmjs.org/asap/-/asap-2.0.6.tgz 0ms (cache hit)
835 http cache @noble/hashes@https://registry.npmjs.org/@noble/hashes/-/hashes-1.8.0.tgz 0ms (cache hit)
836 http cache wrappy@https://registry.npmjs.org/wrappy/-/wrappy-1.0.2.tgz 0ms (cache hit)
837 http cache once@https://registry.npmjs.org/once/-/once-1.4.0.tgz 0ms (cache hit)
838 http cache dezalgo@https://registry.npmjs.org/dezalgo/-/dezalgo-1.0.4.tgz 0ms (cache hit)
839 http cache formidable@https://registry.npmjs.org/formidable/-/formidable-3.5.4.tgz 0ms (cache hit)
840 http cache @paralleldrive/cuid2@https://registry.npmjs.org/@paralleldrive/cuid2/-/cuid2-2.3.1.tgz 0ms (cache hit)
841 http cache fast-safe-stringify@https://registry.npmjs.org/fast-safe-stringify/-/fast-safe-stringify-2.1.1.tgz 0ms (cache hit)
842 http cache component-emitter@https://registry.npmjs.org/component-emitter/-/component-emitter-1.3.1.tgz 0ms (cache hit)
843 http cache expect-type@https://registry.npmjs.org/expect-type/-/expect-type-1.4.0.tgz 0ms (cache hit)
844 http cache cookiejar@https://registry.npmjs.org/cookiejar/-/cookiejar-2.1.4.tgz 0ms (cache hit)
845 http cache destr@https://registry.npmjs.org/destr/-/destr-2.0.5.tgz 0ms (cache hit)
846 http cache superagent@https://registry.npmjs.org/superagent/-/superagent-10.3.0.tgz 0ms (cache hit)
847 http cache node-fetch-native@https://registry.npmjs.org/node-fetch-native/-/node-fetch-native-1.6.7.tgz 0ms (cache hit)
848 http cache nypm@https://registry.npmjs.org/nypm/-/nypm-0.6.9.tgz 0ms (cache hit)
849 http cache consola@https://registry.npmjs.org/consola/-/consola-3.4.2.tgz 0ms (cache hit)
850 http cache citty@https://registry.npmjs.org/citty/-/citty-0.1.6.tgz 0ms (cache hit)
851 http cache pure-rand@https://registry.npmjs.org/pure-rand/-/pure-rand-6.1.0.tgz 0ms (cache hit)
852 http cache fast-check@https://registry.npmjs.org/fast-check/-/fast-check-3.23.2.tgz 0ms (cache hit)
853 http cache @standard-schema/spec@https://registry.npmjs.org/@standard-schema/spec/-/spec-1.1.0.tgz 0ms (cache hit)
854 http cache rc9@https://registry.npmjs.org/rc9/-/rc9-2.1.2.tgz 0ms (cache hit)
855 http cache pkg-types@https://registry.npmjs.org/pkg-types/-/pkg-types-2.3.2.tgz 0ms (cache hit)
856 http cache tinyexec@https://registry.npmjs.org/tinyexec/-/tinyexec-1.3.1.tgz 0ms (cache hit)
857 http cache ohash@https://registry.npmjs.org/ohash/-/ohash-2.0.12.tgz 0ms (cache hit)
858 http cache exsolve@https://registry.npmjs.org/exsolve/-/exsolve-1.1.1.tgz 0ms (cache hit)
859 http cache perfect-debounce@https://registry.npmjs.org/perfect-debounce/-/perfect-debounce-1.0.0.tgz 0ms (cache hit)
860 http cache giget@https://registry.npmjs.org/giget/-/giget-2.0.0.tgz 0ms (cache hit)
861 http cache pathe@https://registry.npmjs.org/pathe/-/pathe-2.0.3.tgz 0ms (cache hit)
862 http cache defu@https://registry.npmjs.org/defu/-/defu-6.1.7.tgz 0ms (cache hit)
863 http cache @prisma/get-platform@https://registry.npmjs.org/@prisma/get-platform/-/get-platform-6.19.3.tgz 0ms (cache hit)
864 http cache @prisma/fetch-engine@https://registry.npmjs.org/@prisma/fetch-engine/-/fetch-engine-6.19.3.tgz 0ms (cache hit)
865 http cache @prisma/engines-version@https://registry.npmjs.org/@prisma/engines-version/-/engines-version-7.1.1-3.c2990dca591cba766e3b7ef5d9e8a84796e47ab7.tgz 0ms (cache hit)
866 http cache @prisma/debug@https://registry.npmjs.org/@prisma/debug/-/debug-6.19.3.tgz 0ms (cache hit)
867 http cache empathic@https://registry.npmjs.org/empathic/-/empathic-2.0.0.tgz 0ms (cache hit)
868 http cache effect@https://registry.npmjs.org/effect/-/effect-3.21.0.tgz 0ms (cache hit)
869 http cache confbox@https://registry.npmjs.org/confbox/-/confbox-0.2.4.tgz 0ms (cache hit)
870 http cache c12@https://registry.npmjs.org/c12/-/c12-3.1.0.tgz 0ms (cache hit)
871 http cache deepmerge-ts@https://registry.npmjs.org/deepmerge-ts/-/deepmerge-ts-7.1.5.tgz 0ms (cache hit)
872 http cache @prisma/config@https://registry.npmjs.org/@prisma/config/-/config-6.19.3.tgz 0ms (cache hit)
873 http cache @prisma/engines@https://registry.npmjs.org/@prisma/engines/-/engines-6.19.3.tgz 0ms (cache hit)
874 http cache has-tostringtag@https://registry.npmjs.org/has-tostringtag/-/has-tostringtag-1.0.2.tgz 0ms (cache hit)
875 http cache delayed-stream@https://registry.npmjs.org/delayed-stream/-/delayed-stream-1.0.0.tgz 0ms (cache hit)
876 http cache es-set-tostringtag@https://registry.npmjs.org/es-set-tostringtag/-/es-set-tostringtag-2.1.0.tgz 0ms (cache hit)
877 http cache combined-stream@https://registry.npmjs.org/combined-stream/-/combined-stream-1.0.8.tgz 0ms (cache hit)
878 http cache asynckit@https://registry.npmjs.org/asynckit/-/asynckit-0.4.0.tgz 0ms (cache hit)
879 http cache form-data@https://registry.npmjs.org/form-data/-/form-data-4.0.6.tgz 0ms (cache hit)
880 http cache @types/cookiejar@https://registry.npmjs.org/@types/cookiejar/-/cookiejar-2.1.5.tgz 0ms (cache hit)
881 http cache @types/superagent@https://registry.npmjs.org/@types/superagent/-/superagent-8.1.11.tgz 0ms (cache hit)
882 http cache @types/methods@https://registry.npmjs.org/@types/methods/-/methods-1.1.4.tgz 0ms (cache hit)
883 http cache vite@https://registry.npmjs.org/vite/-/vite-8.2.2.tgz 0ms (cache hit)
884 http cache vitest@https://registry.npmjs.org/vitest/-/vitest-5.0.0.tgz 0ms (cache hit)
885 http cache prisma@https://registry.npmjs.org/prisma/-/prisma-6.19.3.tgz 0ms (cache hit)
886 http cache supertest@https://registry.npmjs.org/supertest/-/supertest-7.2.2.tgz 0ms (cache hit)
887 http cache @types/supertest@https://registry.npmjs.org/@types/supertest/-/supertest-7.2.1.tgz 0ms (cache hit)
888 http cache @types/multer@https://registry.npmjs.org/@types/multer/-/multer-2.2.0.tgz 0ms (cache hit)
889 http cache @types/cookie-parser@https://registry.npmjs.org/@types/cookie-parser/-/cookie-parser-1.4.10.tgz 0ms (cache hit)
890 http cache tinyglobby@https://registry.npmjs.org/tinyglobby/-/tinyglobby-0.2.17.tgz 0ms (cache hit)
891 http cache postcss@https://registry.npmjs.org/postcss/-/postcss-8.5.28.tgz 0ms (cache hit)
892 http cache nanoid@https://registry.npmjs.org/nanoid/-/nanoid-3.3.18.tgz 0ms (cache hit)
893 http cache hasown@https://registry.npmjs.org/hasown/-/hasown-2.0.4.tgz 0ms (cache hit)
894 http cache mime@https://registry.npmjs.org/mime/-/mime-2.6.0.tgz 0ms (cache hit)
895 http cache debug@https://registry.npmjs.org/debug/-/debug-4.4.3.tgz 0ms (cache hit)
896 http cache citty@https://registry.npmjs.org/citty/-/citty-0.2.2.tgz 0ms (cache hit)
897 http cache ms@https://registry.npmjs.org/ms/-/ms-2.1.3.tgz 0ms (cache hit)
898 http cache confbox@https://registry.npmjs.org/confbox/-/confbox-0.3.1.tgz 0ms (cache hit)
899 http cache jiti@https://registry.npmjs.org/jiti/-/jiti-2.7.0.tgz 0ms (cache hit)
900 http cache chokidar@https://registry.npmjs.org/chokidar/-/chokidar-4.0.3.tgz 0ms (cache hit)
901 http cache picomatch@https://registry.npmjs.org/picomatch/-/picomatch-4.0.7.tgz 0ms (cache hit)
902 http cache tinyexec@https://registry.npmjs.org/tinyexec/-/tinyexec-1.3.0.tgz 0ms (cache hit)
903 http cache picomatch@https://registry.npmjs.org/picomatch/-/picomatch-4.0.7.tgz 0ms (cache hit)
904 http cache cookie-signature@https://registry.npmjs.org/cookie-signature/-/cookie-signature-1.2.2.tgz 0ms (cache hit)
905 http cache readdirp@https://registry.npmjs.org/readdirp/-/readdirp-4.1.2.tgz 0ms (cache hit)
906 silly tarball no local data for estree-walker@https://registry.npmjs.org/estree-walker/-/estree-walker-3.0.3.tgz. Extracting by manifest.
907 silly tarball no local data for stackback@https://registry.npmjs.org/stackback/-/stackback-0.0.2.tgz. Extracting by manifest.
908 silly tarball no local data for siginfo@https://registry.npmjs.org/siginfo/-/siginfo-2.0.0.tgz. Extracting by manifest.
909 silly tarball no local data for @vitest/spy@https://registry.npmjs.org/@vitest/spy/-/spy-5.0.0.tgz. Extracting by manifest.
910 silly tarball no local data for assertion-error@https://registry.npmjs.org/assertion-error/-/assertion-error-2.0.1.tgz. Extracting by manifest.
911 silly tarball no local data for why-is-node-running@https://registry.npmjs.org/why-is-node-running/-/why-is-node-running-2.3.0.tgz. Extracting by manifest.
912 silly tarball no local data for std-env@https://registry.npmjs.org/std-env/-/std-env-4.2.0.tgz. Extracting by manifest.
913 silly tarball no local data for @types/deep-eql@https://registry.npmjs.org/@types/deep-eql/-/deep-eql-4.0.2.tgz. Extracting by manifest.
914 silly tarball no local data for tinybench@https://registry.npmjs.org/tinybench/-/tinybench-6.1.4.tgz. Extracting by manifest.
915 silly tarball no local data for magic-string@https://registry.npmjs.org/magic-string/-/magic-string-1.2.3.tgz. Extracting by manifest.
916 silly tarball no local data for es-module-lexer@https://registry.npmjs.org/es-module-lexer/-/es-module-lexer-2.3.2.tgz. Extracting by manifest.
917 silly tarball no local data for chai@https://registry.npmjs.org/chai/-/chai-6.2.2.tgz. Extracting by manifest.
918 silly tarball no local data for @vitest/mocker@https://registry.npmjs.org/@vitest/mocker/-/mocker-5.0.0.tgz. Extracting by manifest.
919 silly tarball no local data for obug@https://registry.npmjs.org/obug/-/obug-2.1.4.tgz. Extracting by manifest.
920 silly tarball no local data for @rolldown/pluginutils@https://registry.npmjs.org/@rolldown/pluginutils/-/pluginutils-1.0.1.tgz. Extracting by manifest.
921 silly tarball no local data for @types/chai@https://registry.npmjs.org/@types/chai/-/chai-5.2.3.tgz. Extracting by manifest.
922 silly tarball no local data for @rolldown/binding-darwin-arm64@https://registry.npmjs.org/@rolldown/binding-darwin-arm64/-/binding-darwin-arm64-1.2.7.tgz. Extracting by manifest.
923 silly tarball no local data for @oxc-project/types@https://registry.npmjs.org/@oxc-project/types/-/types-0.148.0.tgz. Extracting by manifest.
924 silly tarball no local data for lightningcss-darwin-arm64@https://registry.npmjs.org/lightningcss-darwin-arm64/-/lightningcss-darwin-arm64-1.33.0.tgz. Extracting by manifest.
925 silly tarball no local data for rolldown@https://registry.npmjs.org/rolldown/-/rolldown-1.2.7.tgz. Extracting by manifest.
926 silly tarball no local data for lightningcss@https://registry.npmjs.org/lightningcss/-/lightningcss-1.33.0.tgz. Extracting by manifest.
927 silly tarball no local data for asap@https://registry.npmjs.org/asap/-/asap-2.0.6.tgz. Extracting by manifest.
928 silly tarball no local data for @noble/hashes@https://registry.npmjs.org/@noble/hashes/-/hashes-1.8.0.tgz. Extracting by manifest.
929 silly tarball no local data for wrappy@https://registry.npmjs.org/wrappy/-/wrappy-1.0.2.tgz. Extracting by manifest.
930 silly tarball no local data for once@https://registry.npmjs.org/once/-/once-1.4.0.tgz. Extracting by manifest.
931 silly tarball no local data for dezalgo@https://registry.npmjs.org/dezalgo/-/dezalgo-1.0.4.tgz. Extracting by manifest.
932 silly tarball no local data for formidable@https://registry.npmjs.org/formidable/-/formidable-3.5.4.tgz. Extracting by manifest.
933 silly tarball no local data for @paralleldrive/cuid2@https://registry.npmjs.org/@paralleldrive/cuid2/-/cuid2-2.3.1.tgz. Extracting by manifest.
934 silly tarball no local data for fast-safe-stringify@https://registry.npmjs.org/fast-safe-stringify/-/fast-safe-stringify-2.1.1.tgz. Extracting by manifest.
935 silly tarball no local data for component-emitter@https://registry.npmjs.org/component-emitter/-/component-emitter-1.3.1.tgz. Extracting by manifest.
936 silly tarball no local data for expect-type@https://registry.npmjs.org/expect-type/-/expect-type-1.4.0.tgz. Extracting by manifest.
937 silly tarball no local data for cookiejar@https://registry.npmjs.org/cookiejar/-/cookiejar-2.1.4.tgz. Extracting by manifest.
938 silly tarball no local data for destr@https://registry.npmjs.org/destr/-/destr-2.0.5.tgz. Extracting by manifest.
939 silly tarball no local data for superagent@https://registry.npmjs.org/superagent/-/superagent-10.3.0.tgz. Extracting by manifest.
940 silly tarball no local data for node-fetch-native@https://registry.npmjs.org/node-fetch-native/-/node-fetch-native-1.6.7.tgz. Extracting by manifest.
941 silly tarball no local data for nypm@https://registry.npmjs.org/nypm/-/nypm-0.6.9.tgz. Extracting by manifest.
942 silly tarball no local data for consola@https://registry.npmjs.org/consola/-/consola-3.4.2.tgz. Extracting by manifest.
943 silly tarball no local data for citty@https://registry.npmjs.org/citty/-/citty-0.1.6.tgz. Extracting by manifest.
944 silly tarball no local data for pure-rand@https://registry.npmjs.org/pure-rand/-/pure-rand-6.1.0.tgz. Extracting by manifest.
945 silly tarball no local data for fast-check@https://registry.npmjs.org/fast-check/-/fast-check-3.23.2.tgz. Extracting by manifest.
946 silly tarball no local data for @standard-schema/spec@https://registry.npmjs.org/@standard-schema/spec/-/spec-1.1.0.tgz. Extracting by manifest.
947 silly tarball no local data for rc9@https://registry.npmjs.org/rc9/-/rc9-2.1.2.tgz. Extracting by manifest.
948 silly tarball no local data for pkg-types@https://registry.npmjs.org/pkg-types/-/pkg-types-2.3.2.tgz. Extracting by manifest.
949 silly tarball no local data for tinyexec@https://registry.npmjs.org/tinyexec/-/tinyexec-1.3.1.tgz. Extracting by manifest.
950 silly tarball no local data for ohash@https://registry.npmjs.org/ohash/-/ohash-2.0.12.tgz. Extracting by manifest.
951 silly tarball no local data for exsolve@https://registry.npmjs.org/exsolve/-/exsolve-1.1.1.tgz. Extracting by manifest.
952 silly tarball no local data for perfect-debounce@https://registry.npmjs.org/perfect-debounce/-/perfect-debounce-1.0.0.tgz. Extracting by manifest.
953 silly tarball no local data for giget@https://registry.npmjs.org/giget/-/giget-2.0.0.tgz. Extracting by manifest.
954 silly tarball no local data for pathe@https://registry.npmjs.org/pathe/-/pathe-2.0.3.tgz. Extracting by manifest.
955 silly tarball no local data for defu@https://registry.npmjs.org/defu/-/defu-6.1.7.tgz. Extracting by manifest.
956 silly tarball no local data for @prisma/get-platform@https://registry.npmjs.org/@prisma/get-platform/-/get-platform-6.19.3.tgz. Extracting by manifest.
957 silly tarball no local data for @prisma/fetch-engine@https://registry.npmjs.org/@prisma/fetch-engine/-/fetch-engine-6.19.3.tgz. Extracting by manifest.
958 silly tarball no local data for @prisma/engines-version@https://registry.npmjs.org/@prisma/engines-version/-/engines-version-7.1.1-3.c2990dca591cba766e3b7ef5d9e8a84796e47ab7.tgz. Extracting by manifest.
959 silly tarball no local data for @prisma/debug@https://registry.npmjs.org/@prisma/debug/-/debug-6.19.3.tgz. Extracting by manifest.
960 silly tarball no local data for empathic@https://registry.npmjs.org/empathic/-/empathic-2.0.0.tgz. Extracting by manifest.
961 silly tarball no local data for effect@https://registry.npmjs.org/effect/-/effect-3.21.0.tgz. Extracting by manifest.
962 silly tarball no local data for confbox@https://registry.npmjs.org/confbox/-/confbox-0.2.4.tgz. Extracting by manifest.
963 silly tarball no local data for c12@https://registry.npmjs.org/c12/-/c12-3.1.0.tgz. Extracting by manifest.
964 silly tarball no local data for deepmerge-ts@https://registry.npmjs.org/deepmerge-ts/-/deepmerge-ts-7.1.5.tgz. Extracting by manifest.
965 silly tarball no local data for @prisma/config@https://registry.npmjs.org/@prisma/config/-/config-6.19.3.tgz. Extracting by manifest.
966 silly tarball no local data for @prisma/engines@https://registry.npmjs.org/@prisma/engines/-/engines-6.19.3.tgz. Extracting by manifest.
967 silly tarball no local data for has-tostringtag@https://registry.npmjs.org/has-tostringtag/-/has-tostringtag-1.0.2.tgz. Extracting by manifest.
968 silly tarball no local data for delayed-stream@https://registry.npmjs.org/delayed-stream/-/delayed-stream-1.0.0.tgz. Extracting by manifest.
969 silly tarball no local data for es-set-tostringtag@https://registry.npmjs.org/es-set-tostringtag/-/es-set-tostringtag-2.1.0.tgz. Extracting by manifest.
970 silly tarball no local data for combined-stream@https://registry.npmjs.org/combined-stream/-/combined-stream-1.0.8.tgz. Extracting by manifest.
971 silly tarball no local data for asynckit@https://registry.npmjs.org/asynckit/-/asynckit-0.4.0.tgz. Extracting by manifest.
972 silly tarball no local data for form-data@https://registry.npmjs.org/form-data/-/form-data-4.0.6.tgz. Extracting by manifest.
973 silly tarball no local data for @types/cookiejar@https://registry.npmjs.org/@types/cookiejar/-/cookiejar-2.1.5.tgz. Extracting by manifest.
974 silly tarball no local data for @types/superagent@https://registry.npmjs.org/@types/superagent/-/superagent-8.1.11.tgz. Extracting by manifest.
975 silly tarball no local data for @types/methods@https://registry.npmjs.org/@types/methods/-/methods-1.1.4.tgz. Extracting by manifest.
976 silly tarball no local data for vite@https://registry.npmjs.org/vite/-/vite-8.2.2.tgz. Extracting by manifest.
977 silly tarball no local data for vitest@https://registry.npmjs.org/vitest/-/vitest-5.0.0.tgz. Extracting by manifest.
978 silly tarball no local data for prisma@https://registry.npmjs.org/prisma/-/prisma-6.19.3.tgz. Extracting by manifest.
979 silly tarball no local data for supertest@https://registry.npmjs.org/supertest/-/supertest-7.2.2.tgz. Extracting by manifest.
980 silly tarball no local data for @types/supertest@https://registry.npmjs.org/@types/supertest/-/supertest-7.2.1.tgz. Extracting by manifest.
981 silly tarball no local data for @types/multer@https://registry.npmjs.org/@types/multer/-/multer-2.2.0.tgz. Extracting by manifest.
982 silly tarball no local data for @types/cookie-parser@https://registry.npmjs.org/@types/cookie-parser/-/cookie-parser-1.4.10.tgz. Extracting by manifest.
983 silly tarball no local data for tinyglobby@https://registry.npmjs.org/tinyglobby/-/tinyglobby-0.2.17.tgz. Extracting by manifest.
984 silly tarball no local data for postcss@https://registry.npmjs.org/postcss/-/postcss-8.5.28.tgz. Extracting by manifest.
985 silly tarball no local data for nanoid@https://registry.npmjs.org/nanoid/-/nanoid-3.3.18.tgz. Extracting by manifest.
986 silly tarball no local data for hasown@https://registry.npmjs.org/hasown/-/hasown-2.0.4.tgz. Extracting by manifest.
987 silly tarball no local data for mime@https://registry.npmjs.org/mime/-/mime-2.6.0.tgz. Extracting by manifest.
988 silly tarball no local data for debug@https://registry.npmjs.org/debug/-/debug-4.4.3.tgz. Extracting by manifest.
989 silly tarball no local data for citty@https://registry.npmjs.org/citty/-/citty-0.2.2.tgz. Extracting by manifest.
990 silly tarball no local data for ms@https://registry.npmjs.org/ms/-/ms-2.1.3.tgz. Extracting by manifest.
991 silly tarball no local data for confbox@https://registry.npmjs.org/confbox/-/confbox-0.3.1.tgz. Extracting by manifest.
992 silly tarball no local data for jiti@https://registry.npmjs.org/jiti/-/jiti-2.7.0.tgz. Extracting by manifest.
993 silly tarball no local data for chokidar@https://registry.npmjs.org/chokidar/-/chokidar-4.0.3.tgz. Extracting by manifest.
994 silly tarball no local data for picomatch@https://registry.npmjs.org/picomatch/-/picomatch-4.0.7.tgz. Extracting by manifest.
995 silly tarball no local data for tinyexec@https://registry.npmjs.org/tinyexec/-/tinyexec-1.3.0.tgz. Extracting by manifest.
996 silly tarball no local data for picomatch@https://registry.npmjs.org/picomatch/-/picomatch-4.0.7.tgz. Extracting by manifest.
997 silly tarball no local data for cookie-signature@https://registry.npmjs.org/cookie-signature/-/cookie-signature-1.2.2.tgz. Extracting by manifest.
998 silly tarball no local data for readdirp@https://registry.npmjs.org/readdirp/-/readdirp-4.1.2.tgz. Extracting by manifest.
999 http fetch GET 200 https://registry.npmjs.org/estree-walker/-/estree-walker-3.0.3.tgz 55ms (cache miss)
1000 http fetch GET 200 https://registry.npmjs.org/std-env/-/std-env-4.2.0.tgz 56ms (cache miss)
1001 http fetch GET 200 https://registry.npmjs.org/stackback/-/stackback-0.0.2.tgz 57ms (cache miss)
1002 http fetch GET 200 https://registry.npmjs.org/why-is-node-running/-/why-is-node-running-2.3.0.tgz 56ms (cache miss)
1003 http fetch GET 200 https://registry.npmjs.org/siginfo/-/siginfo-2.0.0.tgz 58ms (cache miss)
1004 http fetch GET 200 https://registry.npmjs.org/assertion-error/-/assertion-error-2.0.1.tgz 60ms (cache miss)
1005 http fetch GET 200 https://registry.npmjs.org/@types/deep-eql/-/deep-eql-4.0.2.tgz 62ms (cache miss)
1006 http fetch GET 200 https://registry.npmjs.org/@rolldown/pluginutils/-/pluginutils-1.0.1.tgz 66ms (cache miss)
1007 http fetch GET 200 https://registry.npmjs.org/@types/chai/-/chai-5.2.3.tgz 71ms (cache miss)
1008 http fetch GET 200 https://registry.npmjs.org/@oxc-project/types/-/types-0.148.0.tgz 90ms (cache miss)
1009 http fetch GET 200 https://registry.npmjs.org/asap/-/asap-2.0.6.tgz 90ms (cache miss)
1010 http fetch GET 200 https://registry.npmjs.org/wrappy/-/wrappy-1.0.2.tgz 99ms (cache miss)
1011 http fetch GET 200 https://registry.npmjs.org/once/-/once-1.4.0.tgz 102ms (cache miss)
1012 http fetch GET 200 https://registry.npmjs.org/magic-string/-/magic-string-1.2.3.tgz 107ms (cache miss)
1013 http fetch GET 200 https://registry.npmjs.org/chai/-/chai-6.2.2.tgz 108ms (cache miss)
1014 http fetch GET 200 https://registry.npmjs.org/tinybench/-/tinybench-6.1.4.tgz 111ms (cache miss)
1015 http fetch GET 200 https://registry.npmjs.org/dezalgo/-/dezalgo-1.0.4.tgz 112ms (cache miss)
1016 http fetch GET 200 https://registry.npmjs.org/lightningcss/-/lightningcss-1.33.0.tgz 113ms (cache miss)
1017 http fetch GET 200 https://registry.npmjs.org/obug/-/obug-2.1.4.tgz 120ms (cache miss)
1018 http fetch GET 200 https://registry.npmjs.org/fast-safe-stringify/-/fast-safe-stringify-2.1.1.tgz 126ms (cache miss)
1019 http fetch GET 200 https://registry.npmjs.org/destr/-/destr-2.0.5.tgz 130ms (cache miss)
1020 http fetch GET 200 https://registry.npmjs.org/component-emitter/-/component-emitter-1.3.1.tgz 134ms (cache miss)
1021 http fetch GET 200 https://registry.npmjs.org/cookiejar/-/cookiejar-2.1.4.tgz 134ms (cache miss)
1022 http fetch GET 200 https://registry.npmjs.org/es-module-lexer/-/es-module-lexer-2.3.2.tgz 138ms (cache miss)
1023 http fetch GET 200 https://registry.npmjs.org/expect-type/-/expect-type-1.4.0.tgz 140ms (cache miss)
1024 http fetch GET 200 https://registry.npmjs.org/nypm/-/nypm-0.6.9.tgz 150ms (cache miss)
1025 http fetch GET 200 https://registry.npmjs.org/citty/-/citty-0.1.6.tgz 152ms (cache miss)
1026 http fetch GET 200 https://registry.npmjs.org/formidable/-/formidable-3.5.4.tgz 168ms (cache miss)
1027 http fetch GET 200 https://registry.npmjs.org/rc9/-/rc9-2.1.2.tgz 167ms (cache miss)
1028 http fetch GET 200 https://registry.npmjs.org/pkg-types/-/pkg-types-2.3.2.tgz 169ms (cache miss)
1029 http fetch GET 200 https://registry.npmjs.org/exsolve/-/exsolve-1.1.1.tgz 170ms (cache miss)
1030 http fetch GET 200 https://registry.npmjs.org/ohash/-/ohash-2.0.12.tgz 171ms (cache miss)
1031 http fetch GET 200 https://registry.npmjs.org/tinyexec/-/tinyexec-1.3.1.tgz 174ms (cache miss)
1032 http fetch GET 200 https://registry.npmjs.org/@vitest/mocker/-/mocker-5.0.0.tgz 180ms (cache miss)
1033 http fetch GET 200 https://registry.npmjs.org/@standard-schema/spec/-/spec-1.1.0.tgz 178ms (cache miss)
1034 http fetch GET 200 https://registry.npmjs.org/perfect-debounce/-/perfect-debounce-1.0.0.tgz 179ms (cache miss)
1035 http fetch GET 200 https://registry.npmjs.org/defu/-/defu-6.1.7.tgz 191ms (cache miss)
1036 http fetch GET 200 https://registry.npmjs.org/empathic/-/empathic-2.0.0.tgz 198ms (cache miss)
1037 http fetch GET 200 https://registry.npmjs.org/giget/-/giget-2.0.0.tgz 201ms (cache miss)
1038 http fetch GET 200 https://registry.npmjs.org/pathe/-/pathe-2.0.3.tgz 204ms (cache miss)
1039 http fetch GET 200 https://registry.npmjs.org/@prisma/debug/-/debug-6.19.3.tgz 205ms (cache miss)
1040 http fetch GET 200 https://registry.npmjs.org/c12/-/c12-3.1.0.tgz 205ms (cache miss)
1041 http fetch GET 200 https://registry.npmjs.org/node-fetch-native/-/node-fetch-native-1.6.7.tgz 214ms (cache miss)
1042 http fetch GET 200 https://registry.npmjs.org/deepmerge-ts/-/deepmerge-ts-7.1.5.tgz 212ms (cache miss)
1043 http fetch GET 200 https://registry.npmjs.org/rolldown/-/rolldown-1.2.7.tgz 221ms (cache miss)
1044 http fetch GET 200 https://registry.npmjs.org/@prisma/config/-/config-6.19.3.tgz 219ms (cache miss)
1045 http fetch GET 200 https://registry.npmjs.org/has-tostringtag/-/has-tostringtag-1.0.2.tgz 226ms (cache miss)
1046 http fetch GET 200 https://registry.npmjs.org/es-set-tostringtag/-/es-set-tostringtag-2.1.0.tgz 228ms (cache miss)
1047 http fetch GET 200 https://registry.npmjs.org/combined-stream/-/combined-stream-1.0.8.tgz 228ms (cache miss)
1048 http fetch GET 200 https://registry.npmjs.org/delayed-stream/-/delayed-stream-1.0.0.tgz 229ms (cache miss)
1049 http fetch GET 200 https://registry.npmjs.org/asynckit/-/asynckit-0.4.0.tgz 230ms (cache miss)
1050 http fetch GET 200 https://registry.npmjs.org/form-data/-/form-data-4.0.6.tgz 231ms (cache miss)
1051 http fetch GET 200 https://registry.npmjs.org/superagent/-/superagent-10.3.0.tgz 238ms (cache miss)
1052 http fetch GET 200 https://registry.npmjs.org/@prisma/engines/-/engines-6.19.3.tgz 234ms (cache miss)
1053 http fetch GET 200 https://registry.npmjs.org/consola/-/consola-3.4.2.tgz 244ms (cache miss)
1054 http fetch GET 200 https://registry.npmjs.org/confbox/-/confbox-0.2.4.tgz 246ms (cache miss)
1055 http fetch GET 200 https://registry.npmjs.org/supertest/-/supertest-7.2.2.tgz 249ms (cache miss)
1056 http fetch GET 200 https://registry.npmjs.org/@prisma/fetch-engine/-/fetch-engine-6.19.3.tgz 263ms (cache miss)
1057 http fetch GET 200 https://registry.npmjs.org/@types/supertest/-/supertest-7.2.1.tgz 267ms (cache miss)
1058 http fetch GET 200 https://registry.npmjs.org/@types/superagent/-/superagent-8.1.11.tgz 269ms (cache miss)
1059 http fetch GET 200 https://registry.npmjs.org/@prisma/get-platform/-/get-platform-6.19.3.tgz 274ms (cache miss)
1060 http fetch POST 200 https://registry.npmjs.org/-/npm/v1/security/advisories/bulk 305ms
1061 silly audit report {
1061 silly audit report   'brace-expansion': [
1061 silly audit report     {
1061 silly audit report       id: 1130588,
1061 silly audit report       url: 'https://github.com/advisories/GHSA-mh99-v99m-4gvg',
1061 silly audit report       title: 'brace-expansion: DoS via unbounded expansion length causing an out-of-memory process crash',
1061 silly audit report       severity: 'high',
1061 silly audit report       vulnerable_versions: '<1.1.17',
1061 silly audit report       cwe: [Array],
1061 silly audit report       cvss: [Object]
1061 silly audit report     },
1061 silly audit report     {
1061 silly audit report       id: 1130591,
1061 silly audit report       url: 'https://github.com/advisories/GHSA-mh99-v99m-4gvg',
1061 silly audit report       title: 'brace-expansion: DoS via unbounded expansion length causing an out-of-memory process crash',
1061 silly audit report       severity: 'high',
1061 silly audit report       vulnerable_versions: '>=4.0.0 <5.0.8',
1061 silly audit report       cwe: [Array],
1061 silly audit report       cvss: [Object]
1061 silly audit report     },
1061 silly audit report     {
1061 silly audit report       id: 1130734,
1061 silly audit report       url: 'https://github.com/advisories/GHSA-rgw5-rvv9-x895',
1061 silly audit report       title: 'brace-expansion: DoS via unbounded intermediate arrays, bypassing the CVE-2026-14257 mitigation',
1061 silly audit report       severity: 'high',
1061 silly audit report       vulnerable_versions: '>=4.0.0 <5.0.9',
1061 silly audit report       cwe: [Array],
1061 silly audit report       cvss: [Object]
1061 silly audit report     },
1061 silly audit report     {
1061 silly audit report       id: 1130737,
1061 silly audit report       url: 'https://github.com/advisories/GHSA-rgw5-rvv9-x895',
1061 silly audit report       title: 'brace-expansion: DoS via unbounded intermediate arrays, bypassing the CVE-2026-14257 mitigation',
1061 silly audit report       severity: 'high',
1061 silly audit report       vulnerable_versions: '<1.1.18',
1061 silly audit report       cwe: [Array],
1061 silly audit report       cvss: [Object]
1061 silly audit report     }
1061 silly audit report   ],
1061 silly audit report   'body-parser': [
1061 silly audit report     {
1061 silly audit report       id: 1123977,
1061 silly audit report       url: 'https://github.com/advisories/GHSA-v422-hmwv-36x6',
1061 silly audit report       title: 'body-parser vulnerable to denial of service when invalid limit value silently disables size enforcement',
1061 silly audit report       severity: 'low',
1061 silly audit report       vulnerable_versions: '<1.20.6',
1061 silly audit report       cwe: [Array],
1061 silly audit report       cvss: [Object]
1061 silly audit report     }
1061 silly audit report   ],
1061 silly audit report   'js-yaml': [
1061 silly audit report     {
1061 silly audit report       id: 1138115,
1061 silly audit report       url: 'https://github.com/advisories/GHSA-5p4m-2wfm-xmqj',
1061 silly audit report       title: 'JS-YAML: Quadratic CPU consumption in !!omap resolution (3.x and 4.x) — CVE-2026-59870 fix not backported',
1061 silly audit report       severity: 'high',
1061 silly audit report       vulnerable_versions: '>=4.0.0 <4.3.1',
1061 silly audit report       cwe: [Array],
1061 silly audit report       cvss: [Object]
1061 silly audit report     }
1061 silly audit report   ],
1061 silly audit report   mongoose: [
1061 silly audit report     {
1061 silly audit report       id: 1139504,
1061 silly audit report       url: 'https://github.com/advisories/GHSA-664h-wqgq-64gw',
1061 silly audit report       title: 'Mongoose: Prototype pollution in mongoose update casting via __proto__-prefixed dotted path (Schema._getSchema/path getter)',
1061 silly audit report       severity: 'moderate',
1061 silly audit report       vulnerable_versions: '>=8.0.0 <8.24.1',
1061 silly audit report       cwe: [Array],
1061 silly audit report       cvss: [Object]
1061 silly audit report     }
1061 silly audit report   ],
1061 silly audit report   morgan: [
1061 silly audit report     {
1061 silly audit report       id: 1122902,
1061 silly audit report       url: 'https://github.com/advisories/GHSA-4vj7-5mj6-jm8m',
1061 silly audit report       title: 'morgan vulnerable to Log Forging via unneutralized control characters in :remote-user',
1061 silly audit report       severity: 'moderate',
1061 silly audit report       vulnerable_versions: '>=1.2.0 <=1.10.1',
1061 silly audit report       cwe: [Array],
1061 silly audit report       cvss: [Object]
1061 silly audit report     }
1061 silly audit report   ],
1061 silly audit report   qs: [
1061 silly audit report     {
1061 silly audit report       id: 1158506,
1061 silly audit report       url: 'https://github.com/advisories/GHSA-x5fp-wj9c-mxmx',
1061 silly audit report       title: 'qs array-limit bypass via bracket-key comma parsing',
1061 silly audit report       severity: 'moderate',
1061 silly audit report       vulnerable_versions: '>=6.14.2 <=6.15.3',
1061 silly audit report       cwe: [Array],
1061 silly audit report       cvss: [Object]
1061 silly audit report     },
1061 silly audit report     {
1061 silly audit report       id: 1158507,
1061 silly audit report       url: 'https://github.com/advisories/GHSA-4mjr-xmp4-gh2g',
1061 silly audit report       title: 'qs: Denial of Service via Attacker Controlled isBuffer',
1061 silly audit report       severity: 'moderate',
1061 silly audit report       vulnerable_versions: '>=2.2.5 <6.16.0',
1061 silly audit report       cwe: [Array],
1061 silly audit report       cvss: [Object]
1061 silly audit report     },
1061 silly audit report     {
1061 silly audit report       id: 1119502,
1061 silly audit report       url: 'https://github.com/advisories/GHSA-q8mj-m7cp-5q26',
1061 silly audit report       title: 'qs has a remotely triggerable DoS: qs.stringify crashes with TypeError on null/undefined entries in comma-format arrays when encodeValuesOnly is set',
1061 silly audit report       severity: 'moderate',
1061 silly audit report       vulnerable_versions: '>=6.11.1 <=6.15.1',
1061 silly audit report       cwe: [Array],
1061 silly audit report       cvss: [Object]
1061 silly audit report     }
1061 silly audit report   ],
1061 silly audit report   'deepmerge-ts': [
1061 silly audit report     {
1061 silly audit report       id: 1145093,
1061 silly audit report       url: 'https://github.com/advisories/GHSA-ggr8-5vv4-36mx',
1061 silly audit report       title: 'DeepmergeTS has stack exhaustion when merging recursive object graphs',
1061 silly audit report       severity: 'high',
1061 silly audit report       vulnerable_versions: '<8.0.0',
1061 silly audit report       cwe: [Array],
1061 silly audit report       cvss: [Object]
1061 silly audit report     }
1061 silly audit report   ]
1061 silly audit report }
1062 silly packumentCache corgi:https://registry.npmjs.org/brace-expansion cache-miss
1063 silly packumentCache corgi:https://registry.npmjs.org/body-parser cache-miss
1064 silly packumentCache corgi:https://registry.npmjs.org/js-yaml cache-miss
1065 silly packumentCache corgi:https://registry.npmjs.org/mongoose cache-miss
1066 silly packumentCache corgi:https://registry.npmjs.org/morgan cache-miss
1067 silly packumentCache corgi:https://registry.npmjs.org/qs cache-miss
1068 silly packumentCache corgi:https://registry.npmjs.org/deepmerge-ts cache-miss
1069 http cache https://registry.npmjs.org/brace-expansion 10ms (cache hit)
1070 silly packumentCache corgi:https://registry.npmjs.org/brace-expansion set size:34964 disposed:false
1071 http cache https://registry.npmjs.org/body-parser 11ms (cache hit)
1072 silly packumentCache corgi:https://registry.npmjs.org/body-parser set size:81203 disposed:false
1073 http cache https://registry.npmjs.org/js-yaml 12ms (cache hit)
1074 silly packumentCache corgi:https://registry.npmjs.org/js-yaml set size:76682 disposed:false
1075 http cache https://registry.npmjs.org/morgan 13ms (cache hit)
1076 silly packumentCache corgi:https://registry.npmjs.org/morgan set size:23819 disposed:false
1077 http cache https://registry.npmjs.org/mongoose 15ms (cache hit)
1078 silly packumentCache corgi:https://registry.npmjs.org/mongoose set size:1658119 disposed:false
1079 http cache https://registry.npmjs.org/qs 30ms (cache hit)
1080 silly packumentCache corgi:https://registry.npmjs.org/qs set size:149425 disposed:false
1081 http fetch GET 200 https://registry.npmjs.org/@types/cookie-parser/-/cookie-parser-1.4.10.tgz 315ms (cache miss)
1082 http fetch GET 200 https://registry.npmjs.org/@vitest/spy/-/spy-5.0.0.tgz 327ms (cache miss)
1083 http fetch GET 200 https://registry.npmjs.org/pure-rand/-/pure-rand-6.1.0.tgz 350ms (cache miss)
1084 http fetch GET 200 https://registry.npmjs.org/mime/-/mime-2.6.0.tgz 343ms (cache miss)
1085 http fetch GET 200 https://registry.npmjs.org/lightningcss-darwin-arm64/-/lightningcss-darwin-arm64-1.33.0.tgz 354ms (cache miss)
1086 http fetch GET 200 https://registry.npmjs.org/postcss/-/postcss-8.5.28.tgz 346ms (cache miss)
1087 http fetch GET 200 https://registry.npmjs.org/hasown/-/hasown-2.0.4.tgz 363ms (cache miss)
1088 http fetch GET 200 https://registry.npmjs.org/@paralleldrive/cuid2/-/cuid2-2.3.1.tgz 372ms (cache miss)
1089 http fetch GET 200 https://registry.npmjs.org/debug/-/debug-4.4.3.tgz 364ms (cache miss)
1090 http fetch GET 200 https://registry.npmjs.org/vite/-/vite-8.2.2.tgz 367ms (cache miss)
1091 http fetch GET 200 https://registry.npmjs.org/ms/-/ms-2.1.3.tgz 380ms (cache miss)
1092 http fetch GET 200 https://registry.npmjs.org/citty/-/citty-0.2.2.tgz 381ms (cache miss)
1093 http fetch GET 200 https://registry.npmjs.org/confbox/-/confbox-0.3.1.tgz 389ms (cache miss)
1094 http fetch GET 200 https://registry.npmjs.org/tinyexec/-/tinyexec-1.3.0.tgz 400ms (cache miss)
1095 http fetch GET 200 https://registry.npmjs.org/picomatch/-/picomatch-4.0.7.tgz 403ms (cache miss)
1096 http fetch GET 200 https://registry.npmjs.org/chokidar/-/chokidar-4.0.3.tgz 414ms (cache miss)
1097 http fetch GET 200 https://registry.npmjs.org/@noble/hashes/-/hashes-1.8.0.tgz 424ms (cache miss)
1098 http fetch GET 200 https://registry.npmjs.org/readdirp/-/readdirp-4.1.2.tgz 419ms (cache miss)
1099 http fetch GET 200 https://registry.npmjs.org/cookie-signature/-/cookie-signature-1.2.2.tgz 423ms (cache miss)
1100 http fetch GET 200 https://registry.npmjs.org/picomatch/-/picomatch-4.0.7.tgz 434ms (cache miss)
1101 http fetch GET 200 https://registry.npmjs.org/@prisma/engines-version/-/engines-version-7.1.1-3.c2990dca591cba766e3b7ef5d9e8a84796e47ab7.tgz 445ms (cache miss)
1102 http fetch GET 200 https://registry.npmjs.org/deepmerge-ts 189ms (cache miss)
1103 silly packumentCache corgi:https://registry.npmjs.org/deepmerge-ts set size:undefined disposed:false
1104 silly packumentCache corgi:https://registry.npmjs.org/minimatch cache-miss
1105 http cache https://registry.npmjs.org/minimatch 2ms (cache hit)
1106 silly packumentCache corgi:https://registry.npmjs.org/minimatch set size:169442 disposed:false
1107 silly packumentCache corgi:https://registry.npmjs.org/express cache-miss
1108 http cache https://registry.npmjs.org/express 3ms (cache hit)
1109 silly packumentCache corgi:https://registry.npmjs.org/express set size:339376 disposed:false
1110 silly packumentCache corgi:https://registry.npmjs.org/@eslint%2feslintrc cache-miss
1111 http fetch GET 200 https://registry.npmjs.org/@types/cookiejar/-/cookiejar-2.1.5.tgz 482ms (cache miss)
1112 http cache https://registry.npmjs.org/@eslint%2feslintrc 2ms (cache hit)
1113 silly packumentCache corgi:https://registry.npmjs.org/@eslint%2feslintrc set size:85827 disposed:false
1114 silly packumentCache corgi:https://registry.npmjs.org/superagent cache-miss
1115 http fetch GET 200 https://registry.npmjs.org/@types/methods/-/methods-1.1.4.tgz 501ms (cache miss)
1116 http fetch GET 200 https://registry.npmjs.org/@types/multer/-/multer-2.2.0.tgz 525ms (cache miss)
1117 http fetch GET 200 https://registry.npmjs.org/superagent 42ms (cache miss)
1118 silly packumentCache corgi:https://registry.npmjs.org/superagent set size:undefined disposed:false
1119 silly packumentCache corgi:https://registry.npmjs.org/@prisma%2fconfig cache-miss
1120 http fetch GET 200 https://registry.npmjs.org/tinyglobby/-/tinyglobby-0.2.17.tgz 572ms (cache miss)
1121 http fetch GET 200 https://registry.npmjs.org/fast-check/-/fast-check-3.23.2.tgz 967ms (cache miss)
1122 http fetch GET 200 https://registry.npmjs.org/vitest/-/vitest-5.0.0.tgz 1285ms (cache miss)
1123 http fetch GET 200 https://registry.npmjs.org/jiti/-/jiti-2.7.0.tgz 1480ms (cache miss)
1124 http fetch GET 200 https://registry.npmjs.org/effect/-/effect-3.21.0.tgz 1547ms (cache miss)
1125 http fetch GET 200 https://registry.npmjs.org/@prisma%2fconfig 1351ms (cache miss)
1126 silly packumentCache corgi:https://registry.npmjs.org/@prisma%2fconfig set size:undefined disposed:false
1127 silly packumentCache corgi:https://registry.npmjs.org/express-rate-limit cache-miss
1128 http cache https://registry.npmjs.org/express-rate-limit 5ms (cache hit)
1129 silly packumentCache corgi:https://registry.npmjs.org/express-rate-limit set size:184416 disposed:false
1130 silly packumentCache corgi:https://registry.npmjs.org/prisma cache-miss
1131 http fetch GET 200 https://registry.npmjs.org/nanoid/-/nanoid-3.3.18.tgz 2012ms (cache miss)
1132 http fetch GET 200 https://registry.npmjs.org/prisma/-/prisma-6.19.3.tgz 2398ms (cache miss)
1133 http fetch GET 200 https://registry.npmjs.org/prisma 1044ms (cache miss)
1134 silly packumentCache corgi:https://registry.npmjs.org/prisma set size:undefined disposed:false
1135 silly packumentCache corgi:https://registry.npmjs.org/@prisma%2fclient cache-miss
1136 http fetch GET 200 https://registry.npmjs.org/@rolldown/binding-darwin-arm64/-/binding-darwin-arm64-1.2.7.tgz 3906ms (cache miss)
1137 info run prisma@6.19.3 preinstall node_modules/prisma node scripts/preinstall-entry.js
1138 info run prisma@6.19.3 preinstall { code: 0, signal: null }
1139 info run @prisma/engines@6.19.3 postinstall node_modules/@prisma/engines node scripts/postinstall.js
1140 info run @prisma/engines@6.19.3 postinstall { code: 0, signal: null }
1141 http fetch GET 200 https://registry.npmjs.org/@prisma%2fclient 845ms (cache miss)
1142 silly packumentCache corgi:https://registry.npmjs.org/@prisma%2fclient set size:undefined disposed:false
1143 silly ADD node_modules/stackback
1144 silly ADD node_modules/siginfo
1145 silly ADD node_modules/estree-walker
1146 silly ADD node_modules/@vitest/spy
1147 silly ADD node_modules/assertion-error
1148 silly ADD node_modules/@types/deep-eql
1149 silly ADD node_modules/why-is-node-running
1150 silly ADD node_modules/tinybench
1151 silly ADD node_modules/std-env
1152 silly ADD node_modules/obug
1153 silly ADD node_modules/magic-string
1154 silly ADD node_modules/expect-type
1155 silly ADD node_modules/es-module-lexer
1156 silly ADD node_modules/chai
1157 silly ADD node_modules/@vitest/mocker
1158 silly ADD node_modules/@types/chai
1159 silly ADD node_modules/@rolldown/pluginutils
1160 silly ADD node_modules/@rolldown/binding-win32-x64-msvc
1161 silly ADD node_modules/@rolldown/binding-win32-arm64-msvc
1162 silly ADD node_modules/@rolldown/binding-openharmony-arm64
1163 silly ADD node_modules/@rolldown/binding-linux-x64-musl
1164 silly ADD node_modules/@rolldown/binding-linux-x64-gnu
1165 silly ADD node_modules/@rolldown/binding-linux-s390x-gnu
1166 silly ADD node_modules/@rolldown/binding-linux-ppc64-gnu
1167 silly ADD node_modules/@rolldown/binding-linux-arm64-musl
1168 silly ADD node_modules/@rolldown/binding-linux-arm64-gnu
1169 silly ADD node_modules/@rolldown/binding-linux-arm-gnueabihf
1170 silly ADD node_modules/@rolldown/binding-freebsd-x64
1171 silly ADD node_modules/@rolldown/binding-darwin-x64
1172 silly ADD node_modules/@rolldown/binding-darwin-arm64
1173 silly ADD node_modules/@rolldown/binding-android-arm64
1174 silly ADD node_modules/@rolldown/binding-android-arm-eabi
1175 silly ADD node_modules/@oxc-project/types
1176 silly ADD node_modules/lightningcss-win32-x64-msvc
1177 silly ADD node_modules/lightningcss-win32-arm64-msvc
1178 silly ADD node_modules/lightningcss-linux-x64-musl
1179 silly ADD node_modules/lightningcss-linux-x64-gnu
1180 silly ADD node_modules/lightningcss-linux-arm64-musl
1181 silly ADD node_modules/lightningcss-linux-arm64-gnu
1182 silly ADD node_modules/lightningcss-linux-arm-gnueabihf
1183 silly ADD node_modules/lightningcss-freebsd-x64
1184 silly ADD node_modules/lightningcss-darwin-x64
1185 silly ADD node_modules/lightningcss-darwin-arm64
1186 silly ADD node_modules/lightningcss-android-arm64
1187 silly ADD node_modules/rolldown
1188 silly ADD node_modules/lightningcss
1189 silly ADD node_modules/wrappy
1190 silly ADD node_modules/asap
1191 silly ADD node_modules/@noble/hashes
1192 silly ADD node_modules/once
1193 silly ADD node_modules/dezalgo
1194 silly ADD node_modules/@paralleldrive/cuid2
1195 silly ADD node_modules/formidable
1196 silly ADD node_modules/fast-safe-stringify
1197 silly ADD node_modules/cookiejar
1198 silly ADD node_modules/component-emitter
1199 silly ADD node_modules/superagent
1200 silly ADD node_modules/superagent/node_modules/ms
1201 silly ADD node_modules/superagent/node_modules/mime
1202 silly ADD node_modules/superagent/node_modules/debug
1203 silly ADD node_modules/destr
1204 silly ADD node_modules/tinyexec
1205 silly ADD node_modules/nypm
1206 silly ADD node_modules/nypm/node_modules/citty
1207 silly ADD node_modules/node-fetch-native
1208 silly ADD node_modules/consola
1209 silly ADD node_modules/citty
1210 silly ADD node_modules/pure-rand
1211 silly ADD node_modules/fast-check
1212 silly ADD node_modules/@standard-schema/spec
1213 silly ADD node_modules/rc9
1214 silly ADD node_modules/pkg-types
1215 silly ADD node_modules/pkg-types/node_modules/confbox
1216 silly ADD node_modules/perfect-debounce
1217 silly ADD node_modules/pathe
1218 silly ADD node_modules/ohash
1219 silly ADD node_modules/giget
1220 silly ADD node_modules/exsolve
1221 silly ADD node_modules/defu
1222 silly ADD node_modules/confbox
1223 silly ADD node_modules/@prisma/get-platform
1224 silly ADD node_modules/@prisma/fetch-engine
1225 silly ADD node_modules/@prisma/engines-version
1226 silly ADD node_modules/@prisma/debug
1227 silly ADD node_modules/empathic
1228 silly ADD node_modules/effect
1229 silly ADD node_modules/deepmerge-ts
1230 silly ADD node_modules/c12
1231 silly ADD node_modules/c12/node_modules/readdirp
1232 silly ADD node_modules/c12/node_modules/jiti
1233 silly ADD node_modules/c12/node_modules/chokidar
1234 silly ADD node_modules/@prisma/engines
1235 silly ADD node_modules/@prisma/config
1236 silly ADD node_modules/has-tostringtag
1237 silly ADD node_modules/delayed-stream
1238 silly ADD node_modules/es-set-tostringtag
1239 silly ADD node_modules/combined-stream
1240 silly ADD node_modules/asynckit
1241 silly ADD node_modules/form-data
1242 silly ADD node_modules/@types/cookiejar
1243 silly ADD node_modules/@types/superagent
1244 silly ADD node_modules/@types/methods
1245 silly ADD node_modules/vite
1246 silly ADD node_modules/vite/node_modules/picomatch
1247 silly ADD node_modules/vitest
1248 silly ADD node_modules/vitest/node_modules/tinyexec
1249 silly ADD node_modules/vitest/node_modules/picomatch
1250 silly ADD node_modules/supertest
1251 silly ADD node_modules/supertest/node_modules/cookie-signature
1252 silly ADD node_modules/prisma
1253 silly ADD node_modules/@types/supertest
1254 silly ADD node_modules/@types/multer
1255 silly ADD node_modules/@types/cookie-parser
1256 silly CHANGE node_modules/tinyglobby
1257 silly CHANGE node_modules/postcss
1258 silly CHANGE node_modules/nanoid
1259 silly CHANGE node_modules/hasown
1260 verbose cwd /Users/chinmayeedeepakharane/Documents/AI stylist/AI-stylist
1261 verbose os Darwin 25.6.0
1262 verbose node v24.10.0
1263 verbose npm  v11.6.1
1264 verbose exit 0
1265 info ok
